data/mon-white-224/1743.jpg,陰隅切り角,container
data/mon-white-224/1757.jpg,隅入り平角,container
data/mon-white-224/1781.jpg,隅立て角,container
data/mon-white-224/1756.jpg,隅入り鉄砲角,container
data/mon-white-224/1783.jpg,隅入り角,container
data/mon-white-224/1782.jpg,隅切り角,container
data/mon-white-224/1741.jpg,八角,container
data/mon-white-224/1755.jpg,隅入り蔓角,container
data/mon-white-224/14421.jpg,亀甲,container
data/mon-white-224/1369.jpg,雪輪,container
data/mon-white-224/1744.jpg,子持ち隅切り角,container
data/mon-white-224/1356.jpg,陰輪,container
data/mon-white-224/1357.jpg,二重輪,container
data/mon-white-224/41911.jpg,細輪,container
data/mon-white-224/1721.jpg,平角,container
data/mon-white-224/2837.jpg,源氏輪,container
data/mon-white-224/14319.jpg,亀甲,container
data/mon-white-224/1290.jpg,隅立て角,container
data/mon-white-224/41906.jpg,月輪,container
data/mon-white-224/08335.jpg,隅立て角,container
data/mon-white-224/1722.jpg,平角,container
data/mon-white-224/42002.jpg,毛輪,container
data/mon-white-224/14318.jpg,亀甲,container
data/mon-white-224/2411.jpg,抱き角,container
data/mon-white-224/07002.jpg,瓜輪,container
data/mon-white-224/08331.jpg,隅入り角,container
data/mon-white-224/41916.jpg,糸輪,container
data/mon-white-224/41903.jpg,丸,container
data/mon-white-224/14525.jpg,長亀甲,container
data/mon-white-224/08332.jpg,隅入り平角,container
data/mon-white-224/41914.jpg,三重輪,container
data/mon-white-224/41928.jpg,唐草輪,container
data/mon-white-224/08333.jpg,隅入り蔓角,container
data/mon-white-224/42004.jpg,浪輪,container
data/mon-white-224/08509.jpg,平角,container
data/mon-white-224/08510.jpg,平角,container
data/mon-white-224/14529.jpg,反り亀甲,container
data/mon-white-224/2022.jpg,鐶輪,container
data/mon-white-224/41925.jpg,竹輪,container
data/mon-white-224/14502.jpg,三つ盛り亀甲,container
data/mon-white-224/08329.jpg,隅入り角,container
data/mon-white-224/41926.jpg,丸,container
data/mon-white-224/41927.jpg,丸輪,container
data/mon-white-224/41933.jpg,薄輪,container
data/mon-white-224/08314.jpg,隅切り角,container
data/mon-white-224/08328.jpg,細隅入り角,container
data/mon-white-224/4243.jpg,反り亀甲,container
data/mon-white-224/08516.jpg,六角,container
data/mon-white-224/14301.jpg,一重亀甲,container
data/mon-white-224/4092.jpg,菊輪,container
data/mon-white-224/1289.jpg,隅切り角,container
data/mon-white-224/08515.jpg,六角,container
data/mon-white-224/4293.jpg,雪輪,container
data/mon-white-224/08313.jpg,隅切り角,container
data/mon-white-224/08411.jpg,子持ち隅切り角,container
data/mon-white-224/08400.jpg,隅立て角,container
data/mon-white-224/1361.jpg,藤輪,container
data/mon-white-224/4233.jpg,亀甲,container
data/mon-white-224/08416.jpg,垂れ角,container
data/mon-white-224/1766.jpg,組み合い角,container
data/mon-white-224/1362.jpg,外藤輪,container
data/mon-white-224/42301.jpg,違い角丸,
data/mon-white-224/4217.jpg,揚巻桐,
data/mon-white-224/2666.jpg,待ち受け裏片喰,
data/mon-white-224/2100.jpg,柿の花,
data/mon-white-224/4571.jpg,三つ寄せ瓢,
data/mon-white-224/4565.jpg,並び瓢,
data/mon-white-224/00126.jpg,割蔓葵菱,
data/mon-white-224/42315.jpg,石持地抜輪違い,
data/mon-white-224/0065.jpg,稲荷抱き稲,
data/mon-white-224/3222.jpg,変わり違い剣,
data/mon-white-224/07113.jpg,織田木瓜,
data/mon-white-224/3236.jpg,葡萄枝丸,
data/mon-white-224/4559.jpg,抱き柊菱,
data/mon-white-224/1421.jpg,八重三つ柏,
data/mon-white-224/1347.jpg,蛇の目,
data/mon-white-224/0059.jpg,結び付抱き稲,
data/mon-white-224/2896.jpg,内田久留子,
data/mon-white-224/01204.jpg,四つ網目,
data/mon-white-224/41807.jpg,六角三つ割六葉,
data/mon-white-224/1390.jpg,石持チ地抜キ三ツ柏,
data/mon-white-224/2699.jpg,爪形梅,
data/mon-white-224/2841.jpg,榊原源氏車,
data/mon-white-224/3587.jpg,向う真麻,
data/mon-white-224/3593.jpg,麻の花,
data/mon-white-224/25826.jpg,光琳蝶,
data/mon-white-224/0515.jpg,陰陽六つ星,
data/mon-white-224/44214.jpg,有馬竜胆車,
data/mon-white-224/4773.jpg,四つ葉撫子,
data/mon-white-224/10123.jpg,変わり光琳抱き柏,
data/mon-white-224/0273.jpg,組み糸巻,
data/mon-white-224/0267.jpg,板屋貝車,
data/mon-white-224/00324.jpg,中陰五つ捻じ葵,
data/mon-white-224/2470.jpg,二つ大割り鬼蔦,
data/mon-white-224/4001.jpg,三つ横見菊,
data/mon-white-224/4767.jpg,六つ捻じ銭,
data/mon-white-224/3008.jpg,折れ矢菱,
data/mon-white-224/2316.jpg,違い大根,
data/mon-white-224/25832.jpg,三つ胡蝶,
data/mon-white-224/44200.jpg,笹竜胆,
data/mon-white-224/1637.jpg,三つ盛り梶,
data/mon-white-224/05512.jpg,一の字扇,
data/mon-white-224/44228.jpg,花園家牡丹,
data/mon-white-224/90079.jpg,丸に違い鷹の羽,
data/mon-white-224/22813.jpg,三つ集め雀,
data/mon-white-224/03605.jpg,三つ兎,
data/mon-white-224/11201.jpg,蟹,
data/mon-white-224/3746.jpg,変り陰雪持ち笹,
data/mon-white-224/3752.jpg,陰六枚笹菱,
data/mon-white-224/1623.jpg,鬼梶の葉菱,
data/mon-white-224/34903.jpg,白鳳の丸,
data/mon-white-224/08022.jpg,杜若の花,
data/mon-white-224/3961.jpg,石持ち地抜き十六菊,
data/mon-white-224/3975.jpg,十六鬼菊,
data/mon-white-224/25629.jpg,茶実,
data/mon-white-224/25601.jpg,橘,
data/mon-white-224/27016.jpg,中陰蔦菱,
data/mon-white-224/21301.jpg,花付き歯朶,
data/mon-white-224/1192.jpg,陰陽地紙,
data/mon-white-224/22608.jpg,神楽鈴,
data/mon-white-224/0298.jpg,三つ割り花菱,
data/mon-white-224/3949.jpg,結び桔梗,
data/mon-white-224/27002.jpg,蔦,
data/mon-white-224/38122.jpg,抱き茗荷菱,
data/mon-white-224/4798.jpg,三つ盛り洲浜,
data/mon-white-224/2276.jpg,立ち三本橘,
data/mon-white-224/4607.jpg,違い角,
data/mon-white-224/4161.jpg,桐枝丸,
data/mon-white-224/2510.jpg,撫子,
data/mon-white-224/1019.jpg,加納輪宝,
data/mon-white-224/0307.jpg,鬼花菱,
data/mon-white-224/0313.jpg,花角,
data/mon-white-224/4175.jpg,有馬割り桐,
data/mon-white-224/09512.jpg,枝梶,
data/mon-white-224/2504.jpg,違い梛の葉,
data/mon-white-224/2262.jpg,団扇橘,
data/mon-white-224/4613.jpg,三階菱,
data/mon-white-224/11413.jpg,龍兜,
data/mon-white-224/1025.jpg,輪宝菱,
data/mon-white-224/05300.jpg,雁金三つ扇,
data/mon-white-224/15113.jpg,七五桐,
data/mon-white-224/3632.jpg,細川桜,
data/mon-white-224/06609.jpg,四つ追い沢瀉菱,
data/mon-white-224/4149.jpg,変り桐,
data/mon-white-224/3626.jpg,捻じ桜,
data/mon-white-224/36906.jpg,松葉梅鶴,
data/mon-white-224/07503.jpg,三つ組み櫂,
data/mon-white-224/05314.jpg,五本寄せ扇,
data/mon-white-224/11407.jpg,兜,
data/mon-white-224/3140.jpg,五つ松葉車,
data/mon-white-224/01614.jpg,二つ錨,
data/mon-white-224/70006.jpg,源氏香の末摘花,
data/mon-white-224/29601.jpg,七つ対い浪,
data/mon-white-224/1970.jpg,編笠,
data/mon-white-224/70012.jpg,源氏香の須磨,
data/mon-white-224/20625.jpg,大一大万大吉,
data/mon-white-224/4808.jpg,蔓洲浜,
data/mon-white-224/1958.jpg,三つ寄せ向い雁金菱,
data/mon-white-224/3197.jpg,角立ち紗綾形稲妻,
data/mon-white-224/4820.jpg,三つ葉菫,
data/mon-white-224/2289.jpg,橘胡蝶,
data/mon-white-224/06812.jpg,葉沢瀉菱,
data/mon-white-224/3829.jpg,丹羽直違,
data/mon-white-224/06806.jpg,抱き沢瀉菱,
data/mon-white-224/38730.jpg,能勢目結,
data/mon-white-224/2712.jpg,五つ梅,
data/mon-white-224/09704.jpg,剣三つ柏,
data/mon-white-224/1569.jpg,重ね三つ割り片喰,
data/mon-white-224/0677.jpg,変り包み瓶子,
data/mon-white-224/2706.jpg,葉付き三つ横見梅,
data/mon-white-224/09710.jpg,陰蝙蝠柏,
data/mon-white-224/0111.jpg,折り平井筒,
data/mon-white-224/26903.jpg,三つ盛り蔦,
data/mon-white-224/3430.jpg,四つ三味駒,
data/mon-white-224/0139.jpg,三つ井桁,
data/mon-white-224/1227.jpg,大関沢瀉,
data/mon-white-224/1541.jpg,鱗形剣片喰,
data/mon-white-224/30807.jpg,三つ折れ芭蕉,
data/mon-white-224/4439.jpg,陰蛇ノ目,
data/mon-white-224/01402.jpg,花形庵,
data/mon-white-224/3356.jpg,三つ割り藤崩し,
data/mon-white-224/30813.jpg,蛇の目芭蕉,
data/mon-white-224/3342.jpg,変り六つ藤,
data/mon-white-224/26917.jpg,錫杖蔦,
data/mon-white-224/3424.jpg,三味駒,
data/mon-white-224/2909.jpg,五つ入り山,
data/mon-white-224/2935.jpg,組み合い変り山形,
data/mon-white-224/09923.jpg,四つ柏菱,
data/mon-white-224/3395.jpg,木の葉船,
data/mon-white-224/00907.jpg,朝顔の丸,
data/mon-white-224/0844.jpg,六丁子,
data/mon-white-224/1582.jpg,浮線蝶,
data/mon-white-224/0850.jpg,八つ丁子菱,
data/mon-white-224/1596.jpg,折れ片喰,
data/mon-white-224/3381.jpg,軸付き藤和,
data/mon-white-224/2921.jpg,四つ組み合い山形,
data/mon-white-224/3380.jpg,亀甲九枚藤の葉,
data/mon-white-224/1597.jpg,片喰,
data/mon-white-224/0851.jpg,八丁子,
data/mon-white-224/0689.jpg,神宮弊,
data/mon-white-224/34309.jpg,向い文菱,
data/mon-white-224/2920.jpg,頭合わせ三つ山形,
data/mon-white-224/2934.jpg,隅立て十二山形,
data/mon-white-224/26719.jpg,三つ寄せ月星,
data/mon-white-224/1583.jpg,中陰の片喰桐,
data/mon-white-224/0845.jpg,押小路丁子,
data/mon-white-224/00906.jpg,朝顔枝丸,
data/mon-white-224/3394.jpg,真向き帆掛船,
data/mon-white-224/24126.jpg,六つ鷹の羽車,
data/mon-white-224/2908.jpg,三つ入り山,
data/mon-white-224/0892.jpg,痩三つ龍胆茶の実,
data/mon-white-224/11604.jpg,抱き蕪,
data/mon-white-224/3343.jpg,三つ追い藤,
data/mon-white-224/30812.jpg,三つ抱き芭蕉,
data/mon-white-224/1226.jpg,沢瀉,
data/mon-white-224/26902.jpg,尻合せ三つ蔦,
data/mon-white-224/3357.jpg,六角三つ葉崩し,
data/mon-white-224/4438.jpg,蛇の目,
data/mon-white-224/30806.jpg,三つ割り芭蕉,
data/mon-white-224/0676.jpg,変り瓶子,
data/mon-white-224/0110.jpg,折り込み井筒,
data/mon-white-224/3419.jpg,五つ将棋駒,
data/mon-white-224/09711.jpg,外割り抱き鬼柏,
data/mon-white-224/2707.jpg,三つ葉向こう梅,
data/mon-white-224/4362.jpg,三つ茗荷巴,
data/mon-white-224/09705.jpg,二つ立ち柏,
data/mon-white-224/2713.jpg,香い梅,
data/mon-white-224/0662.jpg,丸に三つ割寓生の花,
data/mon-white-224/38731.jpg,能勢目結菱,
data/mon-white-224/3182.jpg,隅立て五つ割り万字,
data/mon-white-224/2288.jpg,変り橘鶴,
data/mon-white-224/4821.jpg,菫胡蝶,
data/mon-white-224/1959.jpg,小串雁金,
data/mon-white-224/06813.jpg,沢瀉,
data/mon-white-224/38725.jpg,陰四つ目,
data/mon-white-224/29600.jpg,屋島扇,
data/mon-white-224/4809.jpg,三つ割り洲浜,
data/mon-white-224/20624.jpg,大一大万大吉,
data/mon-white-224/70013.jpg,源氏香の明石,
data/mon-white-224/1971.jpg,深被り笠,
data/mon-white-224/1965.jpg,三羽追い雁,
data/mon-white-224/70007.jpg,源氏香の紅葉の賀,
data/mon-white-224/05315.jpg,重ね合せ三つ雁木扇,
data/mon-white-224/2539.jpg,三つ割り梨の切り口,
data/mon-white-224/3627.jpg,変り山桜,
data/mon-white-224/4148.jpg,村野桐,
data/mon-white-224/01615.jpg,碇,
data/mon-white-224/3141.jpg,六角松葉,
data/mon-white-224/11406.jpg,兜,
data/mon-white-224/1742.jpg,隅立て折敷,
data/mon-white-224/3155.jpg,松葉加茂葵,
data/mon-white-224/11412.jpg,兜,
data/mon-white-224/3633.jpg,八重桜,
data/mon-white-224/06608.jpg,四つ沢瀉菱,
data/mon-white-224/1024.jpg,三つ割り輪宝,
data/mon-white-224/2505.jpg,陰江戸撫子,
data/mon-white-224/06620.jpg,沢瀉折鶴,
data/mon-white-224/4174.jpg,鶴割り桐,
data/mon-white-224/2263.jpg,抱き橘,
data/mon-white-224/4606.jpg,陰組み菱,
data/mon-white-224/2277.jpg,三つ葉裏橘,
data/mon-white-224/0306.jpg,地黒花菱,
data/mon-white-224/1018.jpg,輪寶,
data/mon-white-224/2511.jpg,雪持ち地抜き撫子,
data/mon-white-224/4160.jpg,三つ葉桐枝の丸,
data/mon-white-224/27822.jpg,有職鶴,
data/mon-white-224/0299.jpg,三つ割り剣花菱崩し,
data/mon-white-224/4799.jpg,頭合わせ洲浜,
data/mon-white-224/27017.jpg,中陰蔦飛び蝶,
data/mon-white-224/25600.jpg,違い茶の実,
data/mon-white-224/23517.jpg,浮線撫子,
data/mon-white-224/1193.jpg,三つ重ね地紙,
data/mon-white-224/21300.jpg,下り歯朶,
data/mon-white-224/3974.jpg,九重菊,
data/mon-white-224/25628.jpg,枝茶の実,
data/mon-white-224/1811.jpg,変わり三本並び櫂,
data/mon-white-224/3960.jpg,十六菊,
data/mon-white-224/22806.jpg,三つ集め雀,
data/mon-white-224/01007.jpg,新見葦,
data/mon-white-224/3753.jpg,十二笹菱,
data/mon-white-224/00319.jpg,水戸六つ葵,
data/mon-white-224/08023.jpg,杜若の丸,
data/mon-white-224/34902.jpg,石持地抜有職鳳凰,
data/mon-white-224/1622.jpg,薄い立っている梶の葉,
data/mon-white-224/44229.jpg,近衛牡丹,
data/mon-white-224/0528.jpg,九曜,
data/mon-white-224/05513.jpg,二つ雁木扇の丸,
data/mon-white-224/1636.jpg,尻合せ三つ梶,
data/mon-white-224/3747.jpg,松竹梅,
data/mon-white-224/11200.jpg,蟹,
data/mon-white-224/03604.jpg,対い兎,
data/mon-white-224/22812.jpg,雀の丸,
data/mon-white-224/4000.jpg,三ツ割リ花菊,
data/mon-white-224/2471.jpg,割り蔦,
data/mon-white-224/00325.jpg,中陰尻合せ三つ葵,
data/mon-white-224/0266.jpg,板屋貝,
data/mon-white-224/44201.jpg,立ち葵,
data/mon-white-224/25833.jpg,三つ蝶,
data/mon-white-224/2317.jpg,宝結び,
data/mon-white-224/3009.jpg,割り矢井筒,
data/mon-white-224/4766.jpg,六連銭,
data/mon-white-224/25827.jpg,大谷吉継,
data/mon-white-224/0272.jpg,糸巻,
data/mon-white-224/10122.jpg,変り五徳細柏,
data/mon-white-224/2465.jpg,捻じ蔦,
data/mon-white-224/0925.jpg,降り蝶の丸,
data/mon-white-224/3592.jpg,外三つ割り麻の葉,
data/mon-white-224/3586.jpg,麻ノ葉桔梗,
data/mon-white-224/2840.jpg,陰源氏車,
data/mon-white-224/2698.jpg,台地抜き梅,
data/mon-white-224/1391.jpg,陰三つ柏,
data/mon-white-224/41806.jpg,六葉,
data/mon-white-224/1420.jpg,捻じ蔦,
data/mon-white-224/4558.jpg,三つ柊巴,
data/mon-white-224/3237.jpg,三つ葡萄の葉,
data/mon-white-224/3551.jpg,割り葵,
data/mon-white-224/01205.jpg,四つ網目菱,
data/mon-white-224/2897.jpg,三つ捻じ轡,
data/mon-white-224/0058.jpg,抱き稲,
data/mon-white-224/1346.jpg,蛇の目,
data/mon-white-224/2883.jpg,轡,
data/mon-white-224/3223.jpg,三ツ剣,
data/mon-white-224/1434.jpg,違い柏,
data/mon-white-224/4564.jpg,瓢ノ丸,
data/mon-white-224/0702.jpg,渦巻き巴,
data/mon-white-224/12523.jpg,二羽飛び雁,
data/mon-white-224/2667.jpg,台地抜き梅,
data/mon-white-224/4216.jpg,三つ輪桐,
data/mon-white-224/0070.jpg,抱き結び稲,
data/mon-white-224/42300.jpg,七宝に花菱,
data/mon-white-224/2671.jpg,割り梅鉢,
data/mon-white-224/00125.jpg,割り葵,
data/mon-white-224/0700.jpg,陰一つ巴,
data/mon-white-224/4566.jpg,二つ向い瓢,
data/mon-white-224/4572.jpg,陰三つ瓢,
data/mon-white-224/2665.jpg,陰陽裏梅,
data/mon-white-224/2895.jpg,寺坂轡,
data/mon-white-224/00119.jpg,花付き二葉葵,
data/mon-white-224/3235.jpg,枝葡萄,
data/mon-white-224/1422.jpg,陰陽重ね柏,
data/mon-white-224/0728.jpg,左三つ巴,
data/mon-white-224/3221.jpg,違い剣,
data/mon-white-224/2881.jpg,轡,
data/mon-white-224/3547.jpg,蔓一つ葵,
data/mon-white-224/2659.jpg,中陰星梅鉢,
data/mon-white-224/41804.jpg,裏六葉,
data/mon-white-224/39001.jpg,陰雲木瓜,
data/mon-white-224/2856.jpg,隅立て一つ目,
data/mon-white-224/3590.jpg,比翼麻の葉,
data/mon-white-224/0099.jpg,井筒,
data/mon-white-224/4599.jpg,反り中菱,
data/mon-white-224/26109.jpg,変り対い揚羽蝶,
data/mon-white-224/2842.jpg,生駒車,
data/mon-white-224/21100.jpg,向かい獅子の丸,
data/mon-white-224/3584.jpg,陰雲麻の葉,
data/mon-white-224/4764.jpg,真田六文銭,
data/mon-white-224/09303.jpg,三つ舵,
data/mon-white-224/0264.jpg,三つ割り板屋貝,
data/mon-white-224/2473.jpg,三つ割り蔦,
data/mon-white-224/00333.jpg,二つ蔓葵の丸,
data/mon-white-224/10120.jpg,浮線柏,
data/mon-white-224/2467.jpg,浮線柏,
data/mon-white-224/0270.jpg,板屋貝菱,
data/mon-white-224/42100.jpg,鷲尾向かい鷲,
data/mon-white-224/1608.jpg,実片喰菱,
data/mon-white-224/1620.jpg,平戸梶,
data/mon-white-224/05505.jpg,浅野扇,
data/mon-white-224/4758.jpg,裏浪銭,
data/mon-white-224/3037.jpg,皮手鞠,
data/mon-white-224/3989.jpg,菊水,
data/mon-white-224/10108.jpg,実付き柏枝丸,
data/mon-white-224/3751.jpg,九枚笹菱,
data/mon-white-224/01005.jpg,石川葦,
data/mon-white-224/22810.jpg,尻合わせ三羽雀,
data/mon-white-224/03606.jpg,真向き兎,
data/mon-white-224/3745.jpg,変り笹車,
data/mon-white-224/11202.jpg,蟹菱,
data/mon-white-224/01011.jpg,割り抱き葦,
data/mon-white-224/08035.jpg,二つ追い杜若,
data/mon-white-224/25819.jpg,蔓結び蝶,
data/mon-white-224/1634.jpg,入れ違い梶,
data/mon-white-224/3976.jpg,十六剣菊,
data/mon-white-224/3962.jpg,十菊,
data/mon-white-224/27029.jpg,陰捻じ鬼蔦,
data/mon-white-224/38109.jpg,変わり花抱き茗荷,
data/mon-white-224/27001.jpg,蔦,
data/mon-white-224/25616.jpg,五つ茶の実,
data/mon-white-224/24508.jpg,三つ盛り橘,
data/mon-white-224/23501.jpg,割り石竹,
data/mon-white-224/21302.jpg,三枚歯朶,
data/mon-white-224/2498.jpg,枝蔦,
data/mon-white-224/25602.jpg,茶の実,
data/mon-white-224/27015.jpg,中陰蔦菱,
data/mon-white-224/2261.jpg,変わり杏葉橘,
data/mon-white-224/0310.jpg,朧花菱,
data/mon-white-224/4176.jpg,入れ違い桐崩し,
data/mon-white-224/3619.jpg,中陰桜,
data/mon-white-224/06622.jpg,抱き沢瀉,
data/mon-white-224/2507.jpg,撫子,
data/mon-white-224/27820.jpg,鶴の丸,
data/mon-white-224/0304.jpg,剣花菱,
data/mon-white-224/2275.jpg,三つ組み橘,
data/mon-white-224/4604.jpg,二階菱,
data/mon-white-224/11404.jpg,鬼兜,
data/mon-white-224/01617.jpg,錨桐,
data/mon-white-224/27808.jpg,鶴の丸,
data/mon-white-224/3625.jpg,陰細桜,
data/mon-white-224/05317.jpg,日の丸扇,
data/mon-white-224/1026.jpg,笹龍胆,
data/mon-white-224/3157.jpg,変り松葉蝶,
data/mon-white-224/11410.jpg,兜,
data/mon-white-224/1998.jpg,花傘,
data/mon-white-224/1973.jpg,柳生笠,
data/mon-white-224/70011.jpg,源氏香の花散里,
data/mon-white-224/3802.jpg,笹竹枝丸,
data/mon-white-224/29602.jpg,変わり対い浪,
data/mon-white-224/3816.jpg,算木,
data/mon-white-224/70005.jpg,源氏香の若紫,
data/mon-white-224/30409.jpg,萩の丸,
data/mon-white-224/0489.jpg,石持チ地抜キ三ツ星,
data/mon-white-224/06805.jpg,沢瀉,
data/mon-white-224/38733.jpg,反り三つ目菱,
data/mon-white-224/70039.jpg,源氏香の夕霧,
data/mon-white-224/4823.jpg,束ね水仙,
data/mon-white-224/09713.jpg,割り違い柏,
data/mon-white-224/0112.jpg,折り込み井筒,
data/mon-white-224/0674.jpg,房付き瓶子,
data/mon-white-224/4406.jpg,中陰の七宝,
data/mon-white-224/3369.jpg,三つ葉立ち藤,
data/mon-white-224/1218.jpg,片房付き三つ檜扇,
data/mon-white-224/2711.jpg,変り梅枝丸,
data/mon-white-224/2739.jpg,香い包み梅,
data/mon-white-224/3427.jpg,向イ三味駒,
data/mon-white-224/30810.jpg,三つ立ち芭蕉,
data/mon-white-224/3341.jpg,向かい四つ藤,
data/mon-white-224/0648.jpg,陰落ち牡丹菱,
data/mon-white-224/1542.jpg,六角太剣片喰,
data/mon-white-224/30804.jpg,三つ芭蕉巴,
data/mon-white-224/3355.jpg,杏葉藤,
data/mon-white-224/08425.jpg,鉄砲角,
data/mon-white-224/3433.jpg,三つ並び琴柱,
data/mon-white-224/35029.jpg,剣三つ星,
data/mon-white-224/09908.jpg,三つ持ち合い結び柏,
data/mon-white-224/2922.jpg,横違い山形,
data/mon-white-224/09934.jpg,軸違い三つ柏巴,
data/mon-white-224/24118.jpg,一つ鷹の羽巴,
data/mon-white-224/0853.jpg,丁子子持ち蝶,
data/mon-white-224/1595.jpg,片喰枝菱,
data/mon-white-224/00910.jpg,六つ朝顔,
data/mon-white-224/00904.jpg,朝顔の丸,
data/mon-white-224/3396.jpg,袋,
data/mon-white-224/0847.jpg,六つ追い丁子,
data/mon-white-224/1581.jpg,浮線剣片喰,
data/mon-white-224/09920.jpg,三枚抱き柏,
data/mon-white-224/1580.jpg,浮線剣片喰,
data/mon-white-224/0846.jpg,六つ組み丁子,
data/mon-white-224/3397.jpg,金袋,
data/mon-white-224/2089.jpg,相良瓜,
data/mon-white-224/09921.jpg,土佐柏,
data/mon-white-224/2937.jpg,変り山の丸,
data/mon-white-224/24119.jpg,浮線鷹の羽,
data/mon-white-224/09935.jpg,三つ折れ枝柏,
data/mon-white-224/2923.jpg,上下組み合い山形,
data/mon-white-224/1594.jpg,二つ割り片喰菱,
data/mon-white-224/0852.jpg,浮線蝶,
data/mon-white-224/24125.jpg,白河鷹の羽,
data/mon-white-224/3354.jpg,内藤藤崩し,
data/mon-white-224/30805.jpg,三つ割り芭蕉,
data/mon-white-224/1543.jpg,熨斗剣片喰,
data/mon-white-224/1225.jpg,沢瀉,
data/mon-white-224/08424.jpg,中入り角,
data/mon-white-224/26901.jpg,三つ蔓蔦,
data/mon-white-224/3426.jpg,三味駒,
data/mon-white-224/2738.jpg,木村梅,
data/mon-white-224/07703.jpg,御鏡,
data/mon-white-224/0649.jpg,三つ葉牡丹,
data/mon-white-224/1557.jpg,中陰結び片喰,
data/mon-white-224/0891.jpg,三つ輪堂茶の実,
data/mon-white-224/3340.jpg,装飾藤,
data/mon-white-224/30811.jpg,三つ芭蕉,
data/mon-white-224/0661.jpg,三つ割り寓生,
data/mon-white-224/3368.jpg,藤崩し乱れ桐,
data/mon-white-224/4407.jpg,星付き七宝,
data/mon-white-224/09706.jpg,陰蔓柏,
data/mon-white-224/2710.jpg,梅枝丸,
data/mon-white-224/1219.jpg,檜扇蝶,
data/mon-white-224/09712.jpg,外抱き柏,
data/mon-white-224/0675.jpg,上包み瓶子,
data/mon-white-224/35202.jpg,府中三つ星,
data/mon-white-224/06810.jpg,木下沢瀉,
data/mon-white-224/38726.jpg,中陰四つ目菱,
data/mon-white-224/4822.jpg,抱き水仙,
data/mon-white-224/70038.jpg,源氏香の鈴虫,
data/mon-white-224/0488.jpg,三つ星,
data/mon-white-224/30408.jpg,萩の枝丸,
data/mon-white-224/3181.jpg,卍字菱崩し,
data/mon-white-224/38732.jpg,反り四つ目,
data/mon-white-224/06804.jpg,地抜き抱き沢瀉,
data/mon-white-224/26524.jpg,五つ剣丁子,
data/mon-white-224/1966.jpg,笠,
data/mon-white-224/70004.jpg,源氏香の夕顔,
data/mon-white-224/70010.jpg,源氏香の賢木,
data/mon-white-224/1972.jpg,唐人笠,
data/mon-white-224/29603.jpg,對ひ浪,
data/mon-white-224/3630.jpg,桜,
data/mon-white-224/0339.jpg,三つ形花菱,
data/mon-white-224/05302.jpg,三つ扇,
data/mon-white-224/1027.jpg,陰痩笹竜胆,
data/mon-white-224/1999.jpg,飛び鳩,
data/mon-white-224/11411.jpg,兜,
data/mon-white-224/3156.jpg,松葉蝶,
data/mon-white-224/01616.jpg,錨丸,
data/mon-white-224/11405.jpg,兜,
data/mon-white-224/3142.jpg,三つ繋ぎ松葉,
data/mon-white-224/05316.jpg,三つ雁木扇,
data/mon-white-224/1033.jpg,龍胆,
data/mon-white-224/36904.jpg,松葉蝶崩し,
data/mon-white-224/3624.jpg,桜,
data/mon-white-224/27809.jpg,鶴亀,
data/mon-white-224/0305.jpg,細中陰花菱,
data/mon-white-224/09504.jpg,尻合せ三つ立ち梶,
data/mon-white-224/4163.jpg,青切の丸,
data/mon-white-224/27821.jpg,鶴の丸,
data/mon-white-224/4605.jpg,組み合い菱,
data/mon-white-224/2274.jpg,利休橘,
data/mon-white-224/1769.jpg,違い垂れ角,
data/mon-white-224/4611.jpg,変り重ね三階菱,
data/mon-white-224/2506.jpg,撫子,
data/mon-white-224/3618.jpg,唐花,
data/mon-white-224/4177.jpg,追い桐,
data/mon-white-224/23514.jpg,楓揚羽蝶,
data/mon-white-224/2499.jpg,蔦枝丸,
data/mon-white-224/21303.jpg,歯朶の丸,
data/mon-white-224/25617.jpg,五つ竜胆茶の実,
data/mon-white-224/27000.jpg,中陰蔦,
data/mon-white-224/23500.jpg,陰江戸撫子,
data/mon-white-224/3963.jpg,十二菊,
data/mon-white-224/38108.jpg,抱き茗荷,
data/mon-white-224/27028.jpg,入れ違い割り蔦,
data/mon-white-224/39202.jpg,木瓜崩し,
data/mon-white-224/90090.jpg,長宗我部元親,
data/mon-white-224/3977.jpg,捻じ鬼菊,
data/mon-white-224/01010.jpg,抱き葦,
data/mon-white-224/3744.jpg,笹車,
data/mon-white-224/03607.jpg,真向き兎,
data/mon-white-224/22811.jpg,尻合せ三ツふくら雀,
data/mon-white-224/05510.jpg,渡辺扇,
data/mon-white-224/1635.jpg,三つ追い梶の葉,
data/mon-white-224/08034.jpg,二つ追い杜若,
data/mon-white-224/08020.jpg,杜若菱,
data/mon-white-224/4759.jpg,天保通宝,
data/mon-white-224/05504.jpg,扇輪,
data/mon-white-224/34901.jpg,真向き鳳凰の丸,
data/mon-white-224/1621.jpg,変り平戸梶の葉,
data/mon-white-224/22805.jpg,頭合せ三ツふくら雀,
data/mon-white-224/0259.jpg,二つ板屋貝,
data/mon-white-224/3750.jpg,十枚笹菱,
data/mon-white-224/10109.jpg,変り柏枝丸,
data/mon-white-224/0271.jpg,二葉板屋貝,
data/mon-white-224/3778.jpg,吉田笹,
data/mon-white-224/2466.jpg,鶉蔦,
data/mon-white-224/10121.jpg,反り違い鬼柏,
data/mon-white-224/2300.jpg,三階菱橘,
data/mon-white-224/44216.jpg,二条藤,
data/mon-white-224/1609.jpg,実片喰車,
data/mon-white-224/25824.jpg,源氏蝶,
data/mon-white-224/44202.jpg,五三桐,
data/mon-white-224/0503.jpg,剣四ツ星,
data/mon-white-224/25830.jpg,三つ寄せ変わり蝶,
data/mon-white-224/4765.jpg,真田六文銭,
data/mon-white-224/2472.jpg,追い二つ蔦,
data/mon-white-224/10135.jpg,江原柏,
data/mon-white-224/26108.jpg,日向変り対い蝶,
data/mon-white-224/2843.jpg,鍋島車,
data/mon-white-224/1386.jpg,三つ柏,
data/mon-white-224/3591.jpg,三つ割麻の葉,
data/mon-white-224/4598.jpg,むくみ菱,
data/mon-white-224/0926.jpg,浮線蝶,
data/mon-white-224/41805.jpg,六角三つ割り六葉,
data/mon-white-224/07105.jpg,五瓜に桔梗,
data/mon-white-224/0729.jpg,抜け巴,
data/mon-white-224/2658.jpg,加賀梅鉢,
data/mon-white-224/2880.jpg,釘抜崩し,
data/mon-white-224/00118.jpg,二つ枝葵の丸,
data/mon-white-224/3552.jpg,違い割り葵,
data/mon-white-224/2894.jpg,三つ轡菱,
data/mon-white-224/23919.jpg,割り浮線鷹の羽,
data/mon-white-224/0715.jpg,二つ巴菱,
data/mon-white-224/4573.jpg,三つ追い瓢,
data/mon-white-224/2102.jpg,平四つ目,
data/mon-white-224/2664.jpg,陰八重裏梅,
data/mon-white-224/23931.jpg,久世鷹の羽,
data/mon-white-224/0067.jpg,変わり包み抱き稲,
data/mon-white-224/4567.jpg,抱き瓢,
data/mon-white-224/0701.jpg,左一つ細巴,
data/mon-white-224/0739.jpg,菱三つ巴,
data/mon-white-224/1427.jpg,陰細折れ柏,
data/mon-white-224/00108.jpg,西条家三ツ葵,
data/mon-white-224/13612.jpg,蟹菊,
data/mon-white-224/23909.jpg,中陰違い鷹の羽,
data/mon-white-224/24900.jpg,祇園東,
data/mon-white-224/3224.jpg,四ツ剣菱,
data/mon-white-224/00120.jpg,花付抱葵,
data/mon-white-224/2674.jpg,三つ割り向こう梅,
data/mon-white-224/42313.jpg,六輪の違い,
data/mon-white-224/12524.jpg,二羽飛ビ雁,
data/mon-white-224/0077.jpg,稲鶴,
data/mon-white-224/2660.jpg,高山右近 七曜,
data/mon-white-224/4577.jpg,瓢木瓜,
data/mon-white-224/0711.jpg,痩せ二つ巴,
data/mon-white-224/25411.jpg,千切,
data/mon-white-224/26118.jpg,揚羽蝶,
data/mon-white-224/3595.jpg,麻葉車,
data/mon-white-224/1382.jpg,州浜藤輪,
data/mon-white-224/1396.jpg,土佐柏,
data/mon-white-224/3581.jpg,麻の葉,
data/mon-white-224/2847.jpg,風車,
data/mon-white-224/4588.jpg,旭光,
data/mon-white-224/37001.jpg,松笠,
data/mon-white-224/0936.jpg,向かい蝶,
data/mon-white-224/41801.jpg,水野六葉,
data/mon-white-224/1625.jpg,変わり平戸梶の葉,
data/mon-white-224/25808.jpg,谷蝶,
data/mon-white-224/34905.jpg,飛び鳳凰の丸,
data/mon-white-224/05500.jpg,花形扇蝶,
data/mon-white-224/08024.jpg,杜若の丸,
data/mon-white-224/3026.jpg,三つ盛り鞠鋏み,
data/mon-white-224/4749.jpg,六角三つ割り木瓜,
data/mon-white-224/08030.jpg,頭合わせ三つ花杜若,
data/mon-white-224/1631.jpg,抱き梶の葉,
data/mon-white-224/05514.jpg,二つ雁木扇菱,
data/mon-white-224/0249.jpg,花形庵,
data/mon-white-224/03603.jpg,後向き三疋兎,
data/mon-white-224/3998.jpg,三つ割り菊,
data/mon-white-224/3740.jpg,重ね九枚笹,
data/mon-white-224/11207.jpg,踊り蟹,
data/mon-white-224/90057.jpg,柿の花,
data/mon-white-224/2476.jpg,三つ盛り蔦,
data/mon-white-224/4007.jpg,陰十六菊菱,
data/mon-white-224/09306.jpg,八角地抜二つ舵,
data/mon-white-224/4761.jpg,三文銭,
data/mon-white-224/08018.jpg,石山杜若,
data/mon-white-224/1619.jpg,平戸梶,
data/mon-white-224/44206.jpg,桔梗,
data/mon-white-224/0507.jpg,六つ星,
data/mon-white-224/25820.jpg,月型浮線蝶,
data/mon-white-224/6162.jpg,桐枝丸,
data/mon-white-224/44212.jpg,立花杏葉,
data/mon-white-224/0513.jpg,七曜,
data/mon-white-224/4775.jpg,三つ割り撫子,
data/mon-white-224/10125.jpg,変わり三枚並び柏,
data/mon-white-224/0275.jpg,違い枠糸巻,
data/mon-white-224/90043.jpg,加賀梅鉢,
data/mon-white-224/22829.jpg,六角三雀,
data/mon-white-224/23504.jpg,三つ割撫子,
data/mon-white-224/3797.jpg,五枚竹笹菱,
data/mon-white-224/38124.jpg,蔓茗荷の丸,
data/mon-white-224/25607.jpg,陰茶の実菱,
data/mon-white-224/27010.jpg,中陰鬼蔦菱,
data/mon-white-224/21307.jpg,歯朶菱,
data/mon-white-224/3783.jpg,宇和島笹,
data/mon-white-224/23510.jpg,撫子胡蝶,
data/mon-white-224/1194.jpg,三つ地紙,
data/mon-white-224/3973.jpg,九重菊,
data/mon-white-224/1802.jpg,三つ亀の丸,
data/mon-white-224/26326.jpg,丸に左三つ丁子巴,
data/mon-white-224/39206.jpg,木瓜,
data/mon-white-224/39212.jpg,木瓜巴,
data/mon-white-224/1816.jpg,雪形釜敷,
data/mon-white-224/24525.jpg,陰橘,
data/mon-white-224/3967.jpg,有栖川菊,
data/mon-white-224/3620.jpg,陰桜,
data/mon-white-224/1037.jpg,池田竜胆,
data/mon-white-224/0329.jpg,浮線花菱,
data/mon-white-224/1989.jpg,五つ市女笠,
data/mon-white-224/4629.jpg,石持地抜三つ松皮菱,
data/mon-white-224/11401.jpg,兜,
data/mon-white-224/01606.jpg,三つ割り錨,
data/mon-white-224/3152.jpg,向い松毬菱,
data/mon-white-224/11415.jpg,兜,
data/mon-white-224/1023.jpg,筆型輪宝,
data/mon-white-224/3634.jpg,八重山桜,
data/mon-white-224/27819.jpg,変わり光琳三つ鶴,
data/mon-white-224/07511.jpg,変わり三本並び櫂,
data/mon-white-224/0315.jpg,利休花菱,
data/mon-white-224/09514.jpg,立ち梶の葉,
data/mon-white-224/4173.jpg,五三割り桐,
data/mon-white-224/2502.jpg,抱梛の葉,
data/mon-white-224/2264.jpg,並び橘,
data/mon-white-224/2270.jpg,橘,
data/mon-white-224/4601.jpg,隅立て撫菱,
data/mon-white-224/11429.jpg,日月兜,
data/mon-white-224/09500.jpg,変わり抱き鬼梶,
data/mon-white-224/3608.jpg,四つ網菱,
data/mon-white-224/4167.jpg,三月桐,
data/mon-white-224/0301.jpg,花菱,
data/mon-white-224/06800.jpg,変わり長州沢瀉,
data/mon-white-224/70028.jpg,源氏香の野分,
data/mon-white-224/01809.jpg,唐井筒,
data/mon-white-224/4832.jpg,三つ盛り炭の切り口,
data/mon-white-224/1792.jpg,真向き亀,
data/mon-white-224/0498.jpg,陰一文字三つ星,
data/mon-white-224/06814.jpg,立ち沢瀉,
data/mon-white-224/3807.jpg,枝篠笹,
data/mon-white-224/1976.jpg,三階笠,
data/mon-white-224/70014.jpg,源氏香の澪標,
data/mon-white-224/1962.jpg,二羽飛び雁,
data/mon-white-224/26520.jpg,変り二つ丁子巴,
data/mon-white-224/11603.jpg,五葉蕪,
data/mon-white-224/3344.jpg,違い藤,
data/mon-white-224/30815.jpg,折れ芭蕉の丸,
data/mon-white-224/1235.jpg,子持ち抱き沢瀉,
data/mon-white-224/3422.jpg,二つ独楽,
data/mon-white-224/2728.jpg,陰箙梅,
data/mon-white-224/26905.jpg,三つ組み蔦形,
data/mon-white-224/3436.jpg,五つ琴柱,
data/mon-white-224/14009.jpg,十六葉八重表菊,
data/mon-white-224/1547.jpg,蔓付き片喰,
data/mon-white-224/0881.jpg,三つ葉埋み茶の実,
data/mon-white-224/3350.jpg,陰三つ葉藤,
data/mon-white-224/30801.jpg,芭蕉巴,
data/mon-white-224/0671.jpg,瓶子,
data/mon-white-224/3378.jpg,右廻し藤枝丸,
data/mon-white-224/4371.jpg,茗荷車,
data/mon-white-224/09716.jpg,土佐柏,
data/mon-white-224/1209.jpg,丹羽扇,
data/mon-white-224/2714.jpg,梅鶴,
data/mon-white-224/09702.jpg,違い片折れ柏,
data/mon-white-224/1590.jpg,中陰剣片喰胡蝶,
data/mon-white-224/2099.jpg,瓜の枝丸,
data/mon-white-224/36519.jpg,三本松,
data/mon-white-224/2927.jpg,対い花山形,
data/mon-white-224/35010.jpg,割り七曜,
data/mon-white-224/07908.jpg,二つ鍵菱,
data/mon-white-224/2933.jpg,花山形桐,
data/mon-white-224/00901.jpg,五ツ朝顔,
data/mon-white-224/3393.jpg,宝船,
data/mon-white-224/1584.jpg,中陰片喰桐,
data/mon-white-224/23100.jpg,三つ盛り炭の切り口,
data/mon-white-224/24121.jpg,変わり鷹の羽蝶,
data/mon-white-224/09918.jpg,三枚折れ柏,
data/mon-white-224/38509.jpg,中陰隅立て反り四つ目,
data/mon-white-224/24120.jpg,並び鷹の羽,
data/mon-white-224/2932.jpg,山形桜,
data/mon-white-224/23101.jpg,炭の切り口,
data/mon-white-224/0843.jpg,五つ捻じ丁子,
data/mon-white-224/2098.jpg,抱き瓜,
data/mon-white-224/0857.jpg,丁子井桁,
data/mon-white-224/1591.jpg,片喰菱,
data/mon-white-224/2926.jpg,六角山形,
data/mon-white-224/36518.jpg,三つ鱗松,
data/mon-white-224/09703.jpg,一つ蔓折れ柏,
data/mon-white-224/2715.jpg,中陰梅鶴,
data/mon-white-224/14034.jpg,菊鶴,
data/mon-white-224/3379.jpg,三つ葉藤の丸,
data/mon-white-224/1208.jpg,檜扇,
data/mon-white-224/09717.jpg,丸に抱き柏,
data/mon-white-224/28901.jpg,交わい蜻蛉,
data/mon-white-224/08409.jpg,隅入り込み角,
data/mon-white-224/1220.jpg,三つ沢瀉の丸,
data/mon-white-224/3437.jpg,三つ琴柱の丸,
data/mon-white-224/26904.jpg,三つ組み中陰蔦,
data/mon-white-224/2729.jpg,横見梅,
data/mon-white-224/01405.jpg,盃庵,
data/mon-white-224/3351.jpg,細三つ葉藤,
data/mon-white-224/1546.jpg,蔓付き片喰,
data/mon-white-224/1552.jpg,四つ片喰,
data/mon-white-224/3345.jpg,枝藤,
data/mon-white-224/1963.jpg,三羽飛び雁,
data/mon-white-224/29612.jpg,波輪,
data/mon-white-224/3812.jpg,筍桐,
data/mon-white-224/3806.jpg,花付き枝笹,
data/mon-white-224/70015.jpg,源氏香の蓬生,
data/mon-white-224/1977.jpg,三つ寄せ笠,
data/mon-white-224/4827.jpg,根を引く水仙,
data/mon-white-224/06801.jpg,変わり抱き沢瀉,
data/mon-white-224/70029.jpg,源氏香の行幸,
data/mon-white-224/11428.jpg,二面兜,
data/mon-white-224/4600.jpg,隅入り菱,
data/mon-white-224/2271.jpg,橘桐,
data/mon-white-224/90136.jpg,五つ鏡,
data/mon-white-224/4166.jpg,三つ葉花桐崩し,
data/mon-white-224/4172.jpg,割り鬼桐,
data/mon-white-224/09515.jpg,安部梶,
data/mon-white-224/0314.jpg,四ツ目形花角,
data/mon-white-224/2265.jpg,三つ盛り橘,
data/mon-white-224/11414.jpg,兜,
data/mon-white-224/27818.jpg,鶴丸,
data/mon-white-224/3635.jpg,変わり八重桜,
data/mon-white-224/05307.jpg,五つ重ね末廣,
data/mon-white-224/1022.jpg,天台宗輪宝,
data/mon-white-224/0328.jpg,割り花菱,
data/mon-white-224/07504.jpg,三つ重ね櫂,
data/mon-white-224/3621.jpg,桜,
data/mon-white-224/11400.jpg,芋柏立て兜,
data/mon-white-224/3147.jpg,松葉菱,
data/mon-white-224/4628.jpg,三ツ松皮菱,
data/mon-white-224/1817.jpg,日向六つ釜敷,
data/mon-white-224/3966.jpg,実相院菊,
data/mon-white-224/3972.jpg,十六重ね菊,
data/mon-white-224/27011.jpg,三つ組み光琳蔦,
data/mon-white-224/24518.jpg,橘,
data/mon-white-224/25606.jpg,陰対い茶の実菱,
data/mon-white-224/1195.jpg,中陰三つ地紙,
data/mon-white-224/23511.jpg,撫子枝丸,
data/mon-white-224/3782.jpg,鳥居元忠 鳥居笹,
data/mon-white-224/21306.jpg,歯朶蝶,
data/mon-white-224/23505.jpg,四つ葉撫子,
data/mon-white-224/25612.jpg,丸に一つ茶の実,
data/mon-white-224/27005.jpg,太陰光琳蔦,
data/mon-white-224/38125.jpg,南天蝶,
data/mon-white-224/4774.jpg,浮線撫子,
data/mon-white-224/0512.jpg,陰七曜,
data/mon-white-224/25821.jpg,月星型浮線蝶,
data/mon-white-224/22828.jpg,二羽張ら雀菱,
data/mon-white-224/90042.jpg,三蝶の内十六葉菊,
data/mon-white-224/0274.jpg,枠糸巻,
data/mon-white-224/4012.jpg,鬼八重菊菱,
data/mon-white-224/4006.jpg,十六菊菱,
data/mon-white-224/10130.jpg,片手蔓柏,
data/mon-white-224/0260.jpg,三つ板屋貝,
data/mon-white-224/0506.jpg,星梅鉢,
data/mon-white-224/44207.jpg,輪違い,
data/mon-white-224/1618.jpg,立ち梶の葉,
data/mon-white-224/08019.jpg,左杜若の丸,
data/mon-white-224/4760.jpg,裏表文久銭,
data/mon-white-224/34910.jpg,変り鳳凰の丸,
data/mon-white-224/08031.jpg,二つ花杜若,
data/mon-white-224/4748.jpg,三つ割り隅切木瓜,
data/mon-white-224/3027.jpg,紐付き三つ鞠挟み,
data/mon-white-224/3741.jpg,熊笹,
data/mon-white-224/1156.jpg,陰違い扇,
data/mon-white-224/03602.jpg,後ろ向き番兎,
data/mon-white-224/1142.jpg,五つ雁木扇車,
data/mon-white-224/3755.jpg,変り竹梅菱,
data/mon-white-224/01001.jpg,葦の丸,
data/mon-white-224/08025.jpg,杜若の丸,
data/mon-white-224/05501.jpg,扇菱,
data/mon-white-224/34904.jpg,白鳳の丸,
data/mon-white-224/1624.jpg,安部梶の葉,
data/mon-white-224/41800.jpg,水野陰紐六葉,
data/mon-white-224/2846.jpg,三つ割り重ね源氏車,
data/mon-white-224/1397.jpg,土佐柏,
data/mon-white-224/0089.jpg,左二つ追い稲菱,
data/mon-white-224/25404.jpg,千切り,
data/mon-white-224/4589.jpg,変わり十二日足,
data/mon-white-224/26119.jpg,蝶,
data/mon-white-224/2661.jpg,八重梅,
data/mon-white-224/0076.jpg,稲蝶,
data/mon-white-224/1368.jpg,三つ車輪,
data/mon-white-224/42306.jpg,寄り懸り輪違い,
data/mon-white-224/0710.jpg,陰陽二つ巴,
data/mon-white-224/4576.jpg,割り瓢菱,
data/mon-white-224/4562.jpg,柊胡蝶,
data/mon-white-224/23920.jpg,六つ割り鷹の羽車,
data/mon-white-224/42312.jpg,宮川町,
data/mon-white-224/2675.jpg,三つ割り梅,
data/mon-white-224/00121.jpg,花立ち葵,
data/mon-white-224/23908.jpg,一ツ鷹の羽巴,
data/mon-white-224/00109.jpg,変わり葵桐,
data/mon-white-224/2885.jpg,角轡,
data/mon-white-224/3225.jpg,五つ剣,
data/mon-white-224/24901.jpg,因幡団子,
data/mon-white-224/1426.jpg,一つ折れ柏,
data/mon-white-224/0738.jpg,菱持ち地抜き左三つ巴,
data/mon-white-224/3231.jpg,一房葡萄,
data/mon-white-224/2649.jpg,陰梅鉢,
data/mon-white-224/2891.jpg,轡菱,
data/mon-white-224/01203.jpg,三つ網目,
data/mon-white-224/3557.jpg,変わり浮線葵,
data/mon-white-224/24903.jpg,州浜団子,
data/mon-white-224/1430.jpg,一つ蔓折れ柏,
data/mon-white-224/2893.jpg,陰轡菱,
data/mon-white-224/3233.jpg,葡萄の丸,
data/mon-white-224/1424.jpg,八つ柏菱,
data/mon-white-224/0712.jpg,陰左二つ巴,
data/mon-white-224/2663.jpg,八重裏梅,
data/mon-white-224/00123.jpg,開き加茂葵,
data/mon-white-224/2677.jpg,三つ中陰割り向こう梅,
data/mon-white-224/42310.jpg,剣三つ輪違い,
data/mon-white-224/0060.jpg,包み抱き変わり稲,
data/mon-white-224/0706.jpg,左二つ巴,
data/mon-white-224/25406.jpg,三つ寄せ滕,
data/mon-white-224/2844.jpg,木下日足,
data/mon-white-224/2688.jpg,八重向梅,
data/mon-white-224/3596.jpg,割り抱き葦,
data/mon-white-224/1381.jpg,地抜朧梅輪,
data/mon-white-224/25412.jpg,陰の滕,
data/mon-white-224/2878.jpg,違い釘抜き,
data/mon-white-224/41802.jpg,中陰三割六葉,
data/mon-white-224/3743.jpg,中陰二重雪持ち熊笹,
data/mon-white-224/08033.jpg,二つ追い杜若,
data/mon-white-224/1632.jpg,抱き菊の葉,
data/mon-white-224/05517.jpg,日の丸扇,
data/mon-white-224/34912.jpg,鳳凰の丸,
data/mon-white-224/0538.jpg,土星,
data/mon-white-224/05503.jpg,扇落とし,
data/mon-white-224/34906.jpg,飛び鳳凰の丸,
data/mon-white-224/08027.jpg,杜若の丸,
data/mon-white-224/2449.jpg,朧蔦,
data/mon-white-224/3757.jpg,変わり切り竹笹,
data/mon-white-224/90068.jpg,八咫烏,
data/mon-white-224/00335.jpg,浮線葵,
data/mon-white-224/25823.jpg,源氏蝶,
data/mon-white-224/0510.jpg,離れ七曜,
data/mon-white-224/3019.jpg,豆造菱,
data/mon-white-224/4776.jpg,撫子蝶,
data/mon-white-224/4762.jpg,三つ盛り文銭,
data/mon-white-224/44205.jpg,変わり対い浪,
data/mon-white-224/0504.jpg,五つ星,
data/mon-white-224/2475.jpg,外三つ割り蔦,
data/mon-white-224/10132.jpg,地抜き抱き柏,
data/mon-white-224/00321.jpg,立ち葵,
data/mon-white-224/3958.jpg,桔梗輪,
data/mon-white-224/23513.jpg,石竹枝丸,
data/mon-white-224/0289.jpg,三つ割り蝋燭,
data/mon-white-224/1829.jpg,糸輪に釜敷九曜,
data/mon-white-224/25604.jpg,陰向こう茶の実,
data/mon-white-224/27013.jpg,中陰蔦,
data/mon-white-224/4789.jpg,洲浜,
data/mon-white-224/27007.jpg,大割の蔦,
data/mon-white-224/25610.jpg,花茶の実,
data/mon-white-224/23507.jpg,枝石竹,
data/mon-white-224/3964.jpg,八菊,
data/mon-white-224/39211.jpg,木瓜形,
data/mon-white-224/1801.jpg,三つ亀の丸,
data/mon-white-224/39205.jpg,木瓜,
data/mon-white-224/3970.jpg,青山家菊,
data/mon-white-224/1020.jpg,真言宗輪宝,
data/mon-white-224/3637.jpg,光琳太陰桜,
data/mon-white-224/4158.jpg,下り花桐,
data/mon-white-224/07512.jpg,櫂井,
data/mon-white-224/11416.jpg,兜,
data/mon-white-224/0458.jpg,花形半鐘,
data/mon-white-224/01611.jpg,二つ子持ち錨,
data/mon-white-224/11402.jpg,兜,
data/mon-white-224/3623.jpg,陰山桜,
data/mon-white-224/06618.jpg,立ち沢瀉,
data/mon-white-224/36903.jpg,松葉七宝菱,
data/mon-white-224/07506.jpg,三つ組み櫂巴,
data/mon-white-224/1034.jpg,浮線竜胆,
data/mon-white-224/05311.jpg,雁木反り扇,
data/mon-white-224/4164.jpg,光琳枝桐,
data/mon-white-224/2515.jpg,三つ盛り撫子,
data/mon-white-224/90134.jpg,大一大万大吉,
data/mon-white-224/2273.jpg,花橘,
data/mon-white-224/4602.jpg,鉄砲菱,
data/mon-white-224/2267.jpg,八重向こう橘,
data/mon-white-224/4616.jpg,重ね三階菱,
data/mon-white-224/0470.jpg,六つ旗車,
data/mon-white-224/1008.jpg,輪宝,
data/mon-white-224/0316.jpg,剣花角,
data/mon-white-224/09517.jpg,尻合わせ三つ梶の葉,
data/mon-white-224/4170.jpg,中陰五三割り桐,
data/mon-white-224/2501.jpg,五葉薺,
data/mon-white-224/1785.jpg,重ね角持ち,
data/mon-white-224/4825.jpg,五鐶束ね水仙,
data/mon-white-224/4831.jpg,炭の切口,
data/mon-white-224/2298.jpg,対い橘菱,
data/mon-white-224/1791.jpg,一つ亀,
data/mon-white-224/1949.jpg,三つ重ね雁金,
data/mon-white-224/3810.jpg,長谷川筍,
data/mon-white-224/70003.jpg,源氏香の空蝉,
data/mon-white-224/4819.jpg,抱き菫,
data/mon-white-224/1961.jpg,飛び雁,
data/mon-white-224/1975.jpg,向かい笠,
data/mon-white-224/70017.jpg,源氏香の絵合,
data/mon-white-224/38709.jpg,隅立て四つ目結,
data/mon-white-224/3804.jpg,花笹枝丸,
data/mon-white-224/29604.jpg,立波,
data/mon-white-224/1544.jpg,幼剣片喰,
data/mon-white-224/0882.jpg,三つ割り茶の実,
data/mon-white-224/3353.jpg,対い藤崩し,
data/mon-white-224/01407.jpg,利休庵,
data/mon-white-224/08423.jpg,太平角,
data/mon-white-224/26906.jpg,三つ蔓蔦,
data/mon-white-224/3435.jpg,四つ組み琴柱,
data/mon-white-224/1222.jpg,向こう花沢瀉,
data/mon-white-224/0128.jpg,陰井桁,
data/mon-white-224/1236.jpg,陰抱き沢瀉,
data/mon-white-224/11600.jpg,割り蕪,
data/mon-white-224/30816.jpg,中陰折芭蕉丸,
data/mon-white-224/4428.jpg,持ち合い七宝,
data/mon-white-224/1578.jpg,浮線片喰,
data/mon-white-224/2717.jpg,利休梅,
data/mon-white-224/3409.jpg,恋文,
data/mon-white-224/4372.jpg,茗荷花車,
data/mon-white-224/0114.jpg,組合井筒,
data/mon-white-224/0672.jpg,陰瓶子,
data/mon-white-224/0699.jpg,飯櫃巴,
data/mon-white-224/1587.jpg,片喰飛ビ蝶,
data/mon-white-224/2924.jpg,四つ山形菱,
data/mon-white-224/0855.jpg,横見丁子,
data/mon-white-224/26721.jpg,朧月,
data/mon-white-224/2918.jpg,三つ盛り山形,
data/mon-white-224/0869.jpg,向こう茶の実,
data/mon-white-224/2919.jpg,三つ組み合い山形,
data/mon-white-224/24123.jpg,抱き鷹の羽,
data/mon-white-224/0868.jpg,葉折れ茶の実,
data/mon-white-224/2925.jpg,五角山形,
data/mon-white-224/0854.jpg,丁子桐,
data/mon-white-224/1592.jpg,中陰割り剣片喰菱,
data/mon-white-224/0840.jpg,剣四つ丁子菱,
data/mon-white-224/1586.jpg,片喰揚羽蝶,
data/mon-white-224/0698.jpg,右一ツ巴,
data/mon-white-224/3391.jpg,船,
data/mon-white-224/2931.jpg,組山形,
data/mon-white-224/0115.jpg,違イ井桁,
data/mon-white-224/28902.jpg,三つ蜻蛉,
data/mon-white-224/0673.jpg,瓶子,
data/mon-white-224/1579.jpg,変わり浮線片喰,
data/mon-white-224/3408.jpg,向かい文菱,
data/mon-white-224/09700.jpg,違い柏,
data/mon-white-224/2716.jpg,梅鶴,
data/mon-white-224/3420.jpg,紐付き独楽,
data/mon-white-224/07705.jpg,三種神器,
data/mon-white-224/1237.jpg,割り沢瀉,
data/mon-white-224/0897.jpg,総陰杏葉牡丹,
data/mon-white-224/1551.jpg,中陰二つ剣片喰,
data/mon-white-224/4429.jpg,持ち合い三つ七宝,
data/mon-white-224/30817.jpg,二つ折れ芭蕉,
data/mon-white-224/3346.jpg,三つ葉藤,
data/mon-white-224/1223.jpg,丸に沢瀉,
data/mon-white-224/3434.jpg,三つ組み琴柱,
data/mon-white-224/26907.jpg,鬼蔦,
data/mon-white-224/08422.jpg,太夫角,
data/mon-white-224/70016.jpg,源氏香の関屋,
data/mon-white-224/38708.jpg,隅立て四つ目,
data/mon-white-224/3805.jpg,笹の丸,
data/mon-white-224/29611.jpg,波巴,
data/mon-white-224/1960.jpg,石持ち地抜き飛び雁,
data/mon-white-224/4818.jpg,一つ菫,
data/mon-white-224/70002.jpg,源氏香の帚木,
data/mon-white-224/1948.jpg,尻合わせ三つ結び雁金,
data/mon-white-224/1790.jpg,持合変わり隅入り角,
data/mon-white-224/2299.jpg,陰対い橘菱,
data/mon-white-224/4830.jpg,五つ水仙車,
data/mon-white-224/38734.jpg,反り四つ目菱,
data/mon-white-224/06802.jpg,尖り花菱,
data/mon-white-224/4824.jpg,五鐶束ね水仙,
data/mon-white-224/1784.jpg,日向亀甲,
data/mon-white-224/4617.jpg,中陰三階菱,
data/mon-white-224/2266.jpg,八重向う橘,
data/mon-white-224/4171.jpg,割り桐,
data/mon-white-224/0317.jpg,鍋島直茂 剣花菱,
data/mon-white-224/1009.jpg,変わり六つ輪宝,
data/mon-white-224/0303.jpg,中陰花菱,
data/mon-white-224/90135.jpg,繋ぎ五つ星,
data/mon-white-224/2514.jpg,三つ割撫子,
data/mon-white-224/4165.jpg,変わり枝桐,
data/mon-white-224/4603.jpg,二階菱,
data/mon-white-224/2272.jpg,中陰橘桐,
data/mon-white-224/11403.jpg,関ケ原家康兜,
data/mon-white-224/01610.jpg,四つ錨,
data/mon-white-224/05310.jpg,七本骨雁木扇,
data/mon-white-224/1035.jpg,杏葉竜胆,
data/mon-white-224/07507.jpg,三つ追い重ね櫂,
data/mon-white-224/3622.jpg,山桜,
data/mon-white-224/06619.jpg,沢瀉,
data/mon-white-224/4159.jpg,花桐崩し,
data/mon-white-224/3636.jpg,九重桜,
data/mon-white-224/90109.jpg,片喰桐,
data/mon-white-224/1021.jpg,成田輪宝,
data/mon-white-224/11417.jpg,後向き兜,
data/mon-white-224/39204.jpg,蔓木瓜,
data/mon-white-224/3971.jpg,半月菊,
data/mon-white-224/3965.jpg,裏菊,
data/mon-white-224/39210.jpg,木瓜形,
data/mon-white-224/27006.jpg,大割鬼蔦,
data/mon-white-224/22618.jpg,鈴桐,
data/mon-white-224/23506.jpg,枝石竹,
data/mon-white-224/23512.jpg,石竹枝丸,
data/mon-white-224/3959.jpg,十六菊,
data/mon-white-224/3781.jpg,米沢笹,
data/mon-white-224/21305.jpg,歯朶蝶,
data/mon-white-224/4788.jpg,中陰洲浜,
data/mon-white-224/27012.jpg,中陰三つ割り蔦,
data/mon-white-224/25605.jpg,陰三つ橘,
data/mon-white-224/1828.jpg,籠目釜敷,
data/mon-white-224/0505.jpg,重ね梅,
data/mon-white-224/44204.jpg,三宝院の寺,
data/mon-white-224/4763.jpg,四つ重ね銭,
data/mon-white-224/2474.jpg,中陰三つ割り蔦,
data/mon-white-224/0263.jpg,五つ板屋貝,
data/mon-white-224/4011.jpg,鬼菊菱,
data/mon-white-224/00334.jpg,二葉葵,
data/mon-white-224/10127.jpg,変わり二つ蔓柏,
data/mon-white-224/2306.jpg,尻合わせ三つ宝珠,
data/mon-white-224/4777.jpg,撫子胡蝶,
data/mon-white-224/3018.jpg,一つ豆造,
data/mon-white-224/0511.jpg,七曜,
data/mon-white-224/44210.jpg,袋,
data/mon-white-224/08026.jpg,杜若の丸,
data/mon-white-224/34907.jpg,飛び鳳凰の丸,
data/mon-white-224/0539.jpg,三つ寄せ月星,
data/mon-white-224/05502.jpg,扇の文様,
data/mon-white-224/1627.jpg,丸に平戸梶,
data/mon-white-224/1141.jpg,五つ雁木扇,
data/mon-white-224/90069.jpg,那智の八咫烏,
data/mon-white-224/01002.jpg,違い葦の葉,
data/mon-white-224/2448.jpg,中陰鬼蔦,
data/mon-white-224/3742.jpg,三枚熊笹,
data/mon-white-224/11205.jpg,蟹,
data/mon-white-224/00308.jpg,糸輪に花葵菱,
data/mon-white-224/03601.jpg,後ろ向き三つ兎,
data/mon-white-224/05516.jpg,日の丸三つ反り扇,
data/mon-white-224/1633.jpg,陰抱き梶の葉,
data/mon-white-224/08032.jpg,入れ違い杜若菱,
data/mon-white-224/41803.jpg,二ツ割六葉菱,
data/mon-white-224/2851.jpg,中川久留子,
data/mon-white-224/3597.jpg,抱き葦,
data/mon-white-224/2689.jpg,陰八重向う梅,
data/mon-white-224/25413.jpg,陰の滕,
data/mon-white-224/2845.jpg,重ね花形源氏車,
data/mon-white-224/3583.jpg,麻の葉,
data/mon-white-224/42311.jpg,五つ輪違,
data/mon-white-224/4561.jpg,柊蝶,
data/mon-white-224/0707.jpg,右二つ巴,
data/mon-white-224/0713.jpg,陰陽巴,
data/mon-white-224/4575.jpg,四つ追い瓢菱,
data/mon-white-224/2662.jpg,陰八重梅,
data/mon-white-224/0075.jpg,抱き稲の苗,
data/mon-white-224/2892.jpg,糸菱轡,
data/mon-white-224/1425.jpg,九枚柏,
data/mon-white-224/3232.jpg,下がり葡萄,
data/mon-white-224/3226.jpg,六つ剣,
data/mon-white-224/2886.jpg,八角轡,
data/mon-white-224/42404.jpg,五つ蕨,
data/mon-white-224/06520.jpg,五つ捻じ沢瀉,
data/mon-white-224/4260.jpg,三つ組み合い六角,
data/mon-white-224/06534.jpg,三追重沢瀉巴,
data/mon-white-224/09607.jpg,抱き鬼梶の葉,
data/mon-white-224/2611.jpg,軍配唐団扇,
data/mon-white-224/2177.jpg,阿部鷹の羽,
data/mon-white-224/3269.jpg,下がり藤,
data/mon-white-224/4506.jpg,小の字菱,
data/mon-white-224/42410.jpg,蕨桜,
data/mon-white-224/11706.jpg,万字鎌,
data/mon-white-224/3241.jpg,分銅,
data/mon-white-224/0748.jpg,浮線巴,
data/mon-white-224/43726.jpg,三条花角,
data/mon-white-224/1456.jpg,変わり三つ葉柏,
data/mon-white-224/4248.jpg,三盛亀甲剣花菱,
data/mon-white-224/3527.jpg,花付き五つ葵,
data/mon-white-224/2639.jpg,五つ鱗車,
data/mon-white-224/07602.jpg,兜貝,
data/mon-white-224/06508.jpg,陰三つ追い葉沢瀉,
data/mon-white-224/1442.jpg,外割り抱き柏,
data/mon-white-224/0984.jpg,小菅堤盤,
data/mon-white-224/3255.jpg,三つ組分銅,
data/mon-white-224/24024.jpg,鷹の羽井桁,
data/mon-white-224/36420.jpg,光琳一つ根松,
data/mon-white-224/29500.jpg,おいうけ波,
data/mon-white-224/29514.jpg,左浪の丸,
data/mon-white-224/23011.jpg,変り洲浜,
data/mon-white-224/00810.jpg,細麻の葉,
data/mon-white-224/2822.jpg,三つ葛の葉,
data/mon-white-224/24018.jpg,折れ鷹の羽,
data/mon-white-224/09820.jpg,三つ芋柏,
data/mon-white-224/2836.jpg,源氏車,
data/mon-white-224/29528.jpg,対い浪,
data/mon-white-224/3296.jpg,大久保藤,
data/mon-white-224/11909.jpg,寿の字の亀,
data/mon-white-224/1481.jpg,折れ枝柏,
data/mon-white-224/23005.jpg,中陰に浮線洲浜,
data/mon-white-224/0210.jpg,三ツ稲妻,
data/mon-white-224/09411.jpg,梶枝丸,
data/mon-white-224/3719.jpg,雪持ち笹,
data/mon-white-224/06722.jpg,八重向う澤瀉,
data/mon-white-224/4710.jpg,陰木瓜,
data/mon-white-224/1668.jpg,唐花,
data/mon-white-224/4704.jpg,楓揚羽蝶,
data/mon-white-224/00421.jpg,蔓一つ葵,
data/mon-white-224/2413.jpg,陰抱き角,
data/mon-white-224/09405.jpg,外割り梶の葉,
data/mon-white-224/4062.jpg,三つ葉菊,
data/mon-white-224/27920.jpg,鉄仙,
data/mon-white-224/0204.jpg,変わり稲妻菱,
data/mon-white-224/14332.jpg,美保神社,
data/mon-white-224/27908.jpg,菊杏葉鉄線,
data/mon-white-224/1654.jpg,三つ割り梶の葉,
data/mon-white-224/00409.jpg,剣二つ葵,
data/mon-white-224/01703.jpg,井桁,
data/mon-white-224/1640.jpg,三つ立ち梶の葉,
data/mon-white-224/0238.jpg,錨桜,
data/mon-white-224/1126.jpg,重ね扇,
data/mon-white-224/3731.jpg,三つ追い十五枚笹,
data/mon-white-224/3902.jpg,中陰三つ寄せ桔梗,
data/mon-white-224/3916.jpg,中陰桔梗桐,
data/mon-white-224/4089.jpg,乱れ菊枝丸,
data/mon-white-224/27713.jpg,光琳三羽鶴,
data/mon-white-224/0589.jpg,変り大割り牡丹,
data/mon-white-224/1697.jpg,三つ割り唐花,
data/mon-white-224/1683.jpg,陰裏唐花,
data/mon-white-224/26419.jpg,子持抱丁子,
data/mon-white-224/27707.jpg,蒲生対い鶴,
data/mon-white-224/0364.jpg,三つ変り蔓花菱,
data/mon-white-224/90152.jpg,三輪違い,
data/mon-white-224/4102.jpg,中陰光琳桐,
data/mon-white-224/44303.jpg,鶴の丸,
data/mon-white-224/0402.jpg,変り五つ蛤,
data/mon-white-224/14534.jpg,三つ毘沙門亀甲,
data/mon-white-224/1708.jpg,三つ割り反り唐花,
data/mon-white-224/14520.jpg,亀甲花菱,
data/mon-white-224/2201.jpg,六つ割り鷹の羽車,
data/mon-white-224/4670.jpg,唐花菱,
data/mon-white-224/4116.jpg,土佐桐,
data/mon-white-224/3679.jpg,枝桜,
data/mon-white-224/10020.jpg,中陰二つ蔓鬼柏,
data/mon-white-224/42000.jpg,変わり唐草輪,
data/mon-white-224/0370.jpg,三つ盛り花角,
data/mon-white-224/90146.jpg,十六菊,
data/mon-white-224/3651.jpg,三つ割り桜,
data/mon-white-224/10008.jpg,変り枝柏,
data/mon-white-224/3889.jpg,三つ割り桔梗,
data/mon-white-224/1046.jpg,頭合せ三つ笹竜胆,
data/mon-white-224/05405.jpg,三つ反り扇,
data/mon-white-224/14508.jpg,三つ組み合い鉄砲亀甲,
data/mon-white-224/4880.jpg,中陰三つ寄せ雀,
data/mon-white-224/3137.jpg,松葉片喰,
data/mon-white-224/4658.jpg,五つ菱,
data/mon-white-224/05411.jpg,四つ扇丸,
data/mon-white-224/1052.jpg,埋み竜胆,
data/mon-white-224/3876.jpg,光琳反り桔梗,
data/mon-white-224/24434.jpg,光琳葉敷橘,
data/mon-white-224/1907.jpg,加藤兜,
data/mon-white-224/1913.jpg,頭蝶兜,
data/mon-white-224/3862.jpg,捻じ桔梗,
data/mon-white-224/23401.jpg,三つ葉菫,
data/mon-white-224/1085.jpg,輪鼓,
data/mon-white-224/38021.jpg,三つ組み茗荷,
data/mon-white-224/4843.jpg,一本杉,
data/mon-white-224/27101.jpg,変り浮線蔦,
data/mon-white-224/24408.jpg,陰三つ橘,
data/mon-white-224/04900.jpg,伊勢海老の丸,
data/mon-white-224/38035.jpg,中陰光琳抱茗荷,
data/mon-white-224/4857.jpg,三つ割杉,
data/mon-white-224/3686.jpg,鐶桜,
data/mon-white-224/1091.jpg,花形立鼓,
data/mon-white-224/0600.jpg,杏葉牡丹,
data/mon-white-224/12421.jpg,剣尻雁金,
data/mon-white-224/0172.jpg,石車,
data/mon-white-224/42202.jpg,結綿菱,
data/mon-white-224/4314.jpg,大割り抱き茗荷,
data/mon-white-224/2003.jpg,繋ぎ三つ組み鐶,
data/mon-white-224/0614.jpg,上野牡丹,
data/mon-white-224/08323.jpg,隅切鉄砲角,
data/mon-white-224/07010.jpg,柿の花,
data/mon-white-224/1522.jpg,村山片喰,
data/mon-white-224/05607.jpg,立花扇,
data/mon-white-224/11114.jpg,知恵の輪,
data/mon-white-224/01307.jpg,抱き粟,
data/mon-white-224/11100.jpg,花形金輪,
data/mon-white-224/3447.jpg,丸五徳,
data/mon-white-224/2981.jpg,一つ矢,
data/mon-white-224/35908.jpg,浮線綾寓生,
data/mon-white-224/0628.jpg,三つ蔓葉牡丹,
data/mon-white-224/3321.jpg,黒田家藤巴,
data/mon-white-224/07004.jpg,陰五瓜,
data/mon-white-224/26021.jpg,揚羽蝶,
data/mon-white-224/41904.jpg,雁木輪,
data/mon-white-224/41910.jpg,細雁木輪,
data/mon-white-224/24622.jpg,変り枝橘,
data/mon-white-224/39115.jpg,中陰木瓜,
data/mon-white-224/0827.jpg,三つ追い丁子,
data/mon-white-224/4499.jpg,三つち文字丸,
data/mon-white-224/2956.jpg,抱き山吹,
data/mon-white-224/1287.jpg,変り沢瀉蝶,
data/mon-white-224/0199.jpg,六角稲妻,
data/mon-white-224/22509.jpg,変り組み木,
data/mon-white-224/2942.jpg,撥形山の字,
data/mon-white-224/26009.jpg,中陰光琳飛び蝶,
data/mon-white-224/0833.jpg,剣三つ捻じ丁子,
data/mon-white-224/2943.jpg,剣持ち山の字,
data/mon-white-224/22508.jpg,丹羽直違,
data/mon-white-224/0832.jpg,蔓三ツ丁子,
data/mon-white-224/25501.jpg,陰飛び千鳥,
data/mon-white-224/26008.jpg,陰変り胡蝶,
data/mon-white-224/37105.jpg,釘抜,
data/mon-white-224/4498.jpg,三つさ文字丸,
data/mon-white-224/0198.jpg,三つ稲妻亀甲,
data/mon-white-224/1286.jpg,沢瀉胡蝶,
data/mon-white-224/2957.jpg,杏葉山吹,
data/mon-white-224/39114.jpg,木瓜,
data/mon-white-224/26020.jpg,二ツ飛び胡蝶,
data/mon-white-224/1251.jpg,沢瀉の丸,
data/mon-white-224/2980.jpg,六つ矢尻,
data/mon-white-224/3446.jpg,据え五徳,
data/mon-white-224/07005.jpg,陰五瓜,
data/mon-white-224/3320.jpg,左三つ藤巴,
data/mon-white-224/0629.jpg,違い枝牡丹,
data/mon-white-224/1537.jpg,石持ち地抜き棒剣片喰,
data/mon-white-224/05606.jpg,扇揚羽蝶,
data/mon-white-224/07011.jpg,瓜の枝丸,
data/mon-white-224/3334.jpg,下り藤菱,
data/mon-white-224/2994.jpg,陰違い矢,
data/mon-white-224/4315.jpg,抱き茗荷,
data/mon-white-224/0173.jpg,変り重ね四つ石,
data/mon-white-224/12434.jpg,三羽飛び雁,
data/mon-white-224/0615.jpg,薩摩牡丹,
data/mon-white-224/2002.jpg,三つ組鐶,
data/mon-white-224/0601.jpg,葉鬼杏葉牡丹,
data/mon-white-224/4856.jpg,割り杉,
data/mon-white-224/38034.jpg,中陰変り抱き茗荷,
data/mon-white-224/25703.jpg,上下向かい茶の実菱,
data/mon-white-224/35510.jpg,鷹司牡丹,
data/mon-white-224/1090.jpg,五の字輪鼓,
data/mon-white-224/3687.jpg,雪月花,
data/mon-white-224/23400.jpg,一つ菫,
data/mon-white-224/25717.jpg,葉陰茶の実蝶,
data/mon-white-224/04901.jpg,左伊勢海老の丸,
data/mon-white-224/27100.jpg,枝蔦の丸,
data/mon-white-224/38020.jpg,三つ盛り抱き茗荷,
data/mon-white-224/1912.jpg,中陰鳥兜,
data/mon-white-224/24421.jpg,五三橘桐,
data/mon-white-224/3863.jpg,裏梅,
data/mon-white-224/3877.jpg,盃桔梗,
data/mon-white-224/1906.jpg,関ケ原家康兜,
data/mon-white-224/24435.jpg,光琳葉敷橘,
data/mon-white-224/25918.jpg,揚葉蝶,
data/mon-white-224/3122.jpg,変り折れ三つ松葉の丸,
data/mon-white-224/3644.jpg,八重裏桜,
data/mon-white-224/1053.jpg,四つ葉竜胆菱,
data/mon-white-224/0359.jpg,花菱,
data/mon-white-224/1047.jpg,三つ追い笹竜胆,
data/mon-white-224/3888.jpg,上下割り桔梗,
data/mon-white-224/10009.jpg,折れ枝柏,
data/mon-white-224/3136.jpg,三つ寄せ松葉,
data/mon-white-224/4881.jpg,変り雀,
data/mon-white-224/4671.jpg,久慈菱,
data/mon-white-224/2200.jpg,八つ鷹の羽車,
data/mon-white-224/08108.jpg,立ち杜若の丸,
data/mon-white-224/14521.jpg,積み日向亀甲,
data/mon-white-224/1709.jpg,枝唐花,
data/mon-white-224/44316.jpg,天台宗輪宝,
data/mon-white-224/10021.jpg,中御門柏,
data/mon-white-224/3678.jpg,散り桜,
data/mon-white-224/4117.jpg,川越桐,
data/mon-white-224/4103.jpg,新田桐,
data/mon-white-224/90153.jpg,千鳥,
data/mon-white-224/0365.jpg,隅立テ四ツ割リ花菱,
data/mon-white-224/14535.jpg,三つ毘沙門亀甲,
data/mon-white-224/0403.jpg,蛤胡蝶,
data/mon-white-224/44302.jpg,鶴の丸,
data/mon-white-224/1682.jpg,裏唐花,
data/mon-white-224/27706.jpg,対い鶴,
data/mon-white-224/27712.jpg,金輪光琳鶴,
data/mon-white-224/4088.jpg,菊枝丸,
data/mon-white-224/1696.jpg,三つ盛り唐花,
data/mon-white-224/3917.jpg,桔梗桐,
data/mon-white-224/08901.jpg,六芒星,
data/mon-white-224/3903.jpg,中陰三つ割り八重桔梗,
data/mon-white-224/36623.jpg,六つ若松車,
data/mon-white-224/1641.jpg,諏訪梶の葉,
data/mon-white-224/4739.jpg,三つ盛木瓜,
data/mon-white-224/01702.jpg,違い井筒,
data/mon-white-224/1127.jpg,重ね扇,
data/mon-white-224/0239.jpg,子持ち錨,
data/mon-white-224/05202.jpg,違扇,
data/mon-white-224/27909.jpg,菊座花鉄線,
data/mon-white-224/00408.jpg,二葉葵,
data/mon-white-224/3042.jpg,陽祇園守,
data/mon-white-224/1655.jpg,三つ割り鬼梶,
data/mon-white-224/00420.jpg,本多立ち葵,
data/mon-white-224/4705.jpg,変わり楓葉,
data/mon-white-224/0205.jpg,四つ稲妻菱,
data/mon-white-224/27921.jpg,八つ花鉄仙,
data/mon-white-224/4063.jpg,葉付き菊車,
data/mon-white-224/38801.jpg,角立て七つ割り四つ目結,
data/mon-white-224/3718.jpg,杵築き笹,
data/mon-white-224/09410.jpg,変り梶枝丸,
data/mon-white-224/2406.jpg,五つ槌,
data/mon-white-224/0211.jpg,三つ盛り平稲妻,
data/mon-white-224/1669.jpg,唐花,
data/mon-white-224/23004.jpg,中陰浮線州浜,
data/mon-white-224/11908.jpg,子持ち亀の丸,
data/mon-white-224/3297.jpg,那須藤,
data/mon-white-224/3283.jpg,上がり藤,
data/mon-white-224/23010.jpg,宍戸洲浜,
data/mon-white-224/0952.jpg,三つ追い揚羽蝶,
data/mon-white-224/36435.jpg,左三階松,
data/mon-white-224/36421.jpg,光琳根上がり松,
data/mon-white-224/24025.jpg,鷹の羽団扇,
data/mon-white-224/06509.jpg,八重向こう沢瀉,
data/mon-white-224/30905.jpg,葉付き立ち蓮の花,
data/mon-white-224/01500.jpg,花筏,
data/mon-white-224/0985.jpg,団扇打板,
data/mon-white-224/43733.jpg,三頭右巴,
data/mon-white-224/1457.jpg,三枚並び柏,
data/mon-white-224/0749.jpg,二葉巴,
data/mon-white-224/43727.jpg,尾長巴,
data/mon-white-224/11707.jpg,四つ鎌車,
data/mon-white-224/3526.jpg,剣五つ葵,
data/mon-white-224/4249.jpg,三盛亀甲剣花菱,
data/mon-white-224/1331.jpg,四つ組み金輪,
data/mon-white-224/2610.jpg,中陰唐団扇,
data/mon-white-224/09606.jpg,変わり枝梶,
data/mon-white-224/4261.jpg,三つ組み合い鉄砲亀甲,
data/mon-white-224/42411.jpg,束ね蕨の丸,
data/mon-white-224/0761.jpg,向かい巴,
data/mon-white-224/3268.jpg,変り下り散ら藤,
data/mon-white-224/2162.jpg,隅合せ三つ釘抜,
data/mon-white-224/42405.jpg,三つ割り蕨,
data/mon-white-224/0775.jpg,五つ金輪巴,
data/mon-white-224/0013.jpg,抱き銀杏,
data/mon-white-224/06521.jpg,五つ捻じ沢瀉,
data/mon-white-224/4505.jpg,小の字菱,
data/mon-white-224/0763.jpg,輪違い巴,
data/mon-white-224/42413.jpg,蕨蝶,
data/mon-white-224/0005.jpg,三つ銀杏崩し,
data/mon-white-224/4263.jpg,六方亀甲形,
data/mon-white-224/2612.jpg,松平唐団扇,
data/mon-white-224/06523.jpg,向こう花沢瀉,
data/mon-white-224/2606.jpg,三つ割り羽団扇,
data/mon-white-224/43719.jpg,梅,
data/mon-white-224/42407.jpg,抱き蕨,
data/mon-white-224/4511.jpg,新田一つ引き,
data/mon-white-224/43731.jpg,市松四つ目,
data/mon-white-224/1441.jpg,抱き柏,
data/mon-white-224/0987.jpg,打板桐,
data/mon-white-224/2148.jpg,九つ目,
data/mon-white-224/3256.jpg,三つ寄せ分銅,
data/mon-white-224/30907.jpg,蓮の丸,
data/mon-white-224/4539.jpg,中野柊,
data/mon-white-224/01502.jpg,筏,
data/mon-white-224/0039.jpg,蔓銀杏菱,
data/mon-white-224/07601.jpg,隅立て割違い貝,
data/mon-white-224/3242.jpg,中陰分銅,
data/mon-white-224/11705.jpg,四つ鎌角,
data/mon-white-224/43725.jpg,太閤桐,
data/mon-white-224/1455.jpg,三つ葉柏,
data/mon-white-224/0978.jpg,建部蝶,
data/mon-white-224/2809.jpg,三つ違い鍬形,
data/mon-white-224/29517.jpg,三つ追い波丸,
data/mon-white-224/36423.jpg,光琳三つ松,
data/mon-white-224/29503.jpg,一つ波巴,
data/mon-white-224/3295.jpg,七つ花上り藤,
data/mon-white-224/1482.jpg,変り枝柏,
data/mon-white-224/23006.jpg,頭合わせ五つ洲浜,
data/mon-white-224/0944.jpg,上下対い蝶,
data/mon-white-224/35102.jpg,渡辺星,
data/mon-white-224/2835.jpg,花久留子,
data/mon-white-224/26618.jpg,浮線打板,
data/mon-white-224/2821.jpg,三つ割り葛の花,
data/mon-white-224/4288.jpg,山吹雪,
data/mon-white-224/1496.jpg,柏枝丸,
data/mon-white-224/3281.jpg,上り藤,
data/mon-white-224/38803.jpg,蔓四つ目菱,
data/mon-white-224/09406.jpg,外割り鬼梶,
data/mon-white-224/4061.jpg,三つ葉野菊,
data/mon-white-224/27923.jpg,八重唐梅,
data/mon-white-224/0207.jpg,三角稲妻,
data/mon-white-224/0561.jpg,追い帆菱,
data/mon-white-224/02235.jpg,三つ銀杏,
data/mon-white-224/4707.jpg,紅葉枝丸,
data/mon-white-224/2376.jpg,三つ折鶴,
data/mon-white-224/00422.jpg,蔓葵片喰,
data/mon-white-224/4713.jpg,四方木瓜,
data/mon-white-224/01728.jpg,組み井桁,
data/mon-white-224/0213.jpg,三つ石稲妻,
data/mon-white-224/14325.jpg,亀甲花菱,
data/mon-white-224/09412.jpg,梶枝丸,
data/mon-white-224/4075.jpg,板倉菊,
data/mon-white-224/05200.jpg,違い扇,
data/mon-white-224/3732.jpg,岩村笹,
data/mon-white-224/06709.jpg,沢瀉巴,
data/mon-white-224/1657.jpg,枝梶の葉,
data/mon-white-224/2438.jpg,蔦菱,
data/mon-white-224/1131.jpg,三ツ扇,
data/mon-white-224/3915.jpg,池田竜胆,
data/mon-white-224/3901.jpg,三つ寄せ桔梗,
data/mon-white-224/36609.jpg,中陰光琳松,
data/mon-white-224/3929.jpg,桔梗胡蝶,
data/mon-white-224/1680.jpg,匂い剣唐花,
data/mon-white-224/1694.jpg,蔓唐花,
data/mon-white-224/27710.jpg,光琳作り鶴,
data/mon-white-224/28423.jpg,丸ニ左三ツ巴,
data/mon-white-224/4115.jpg,佐竹桐,
data/mon-white-224/42003.jpg,切り文字,
data/mon-white-224/0373.jpg,三つ横見唐花,
data/mon-white-224/0415.jpg,鳩の丸,
data/mon-white-224/2202.jpg,八つ鷹の羽車,
data/mon-white-224/3108.jpg,三つ割り唐松,
data/mon-white-224/4667.jpg,幸菱,
data/mon-white-224/44300.jpg,三つ葉竜胆橘,
data/mon-white-224/0401.jpg,五つ蛤,
data/mon-white-224/1079.jpg,違い丁子,
data/mon-white-224/90151.jpg,祇園甲部,
data/mon-white-224/4101.jpg,光琳桐,
data/mon-white-224/00224.jpg,三つ葵の丸,
data/mon-white-224/1051.jpg,亀山竜胆,
data/mon-white-224/90179.jpg,檜扇,
data/mon-white-224/4129.jpg,対い桐菱,
data/mon-white-224/3646.jpg,鐶桜,
data/mon-white-224/3120.jpg,中村松笠,
data/mon-white-224/0429.jpg,一つ羽根丸,
data/mon-white-224/05406.jpg,佐竹扇,
data/mon-white-224/1723.jpg,太平角,
data/mon-white-224/3652.jpg,三つ割り桔梗,
data/mon-white-224/1045.jpg,尻合せ三つ笹竜胆,
data/mon-white-224/4868.jpg,鳩の丸,
data/mon-white-224/24423.jpg,橘胡蝶,
data/mon-white-224/1910.jpg,変わり鳥兜,
data/mon-white-224/1904.jpg,真向き兜,
data/mon-white-224/3875.jpg,陰光琳爪形桔梗,
data/mon-white-224/3685.jpg,表桜枝丸,
data/mon-white-224/1092.jpg,二つ輪鼓,
data/mon-white-224/4698.jpg,楓,
data/mon-white-224/38022.jpg,三つ組み合せ茗荷,
data/mon-white-224/27102.jpg,変わり蔓三つ蔦,
data/mon-white-224/04903.jpg,海老の丸,
data/mon-white-224/25715.jpg,葉折れ茶の実,
data/mon-white-224/0398.jpg,陰三つつ尻合わせ蛤,
data/mon-white-224/23402.jpg,増山菫,
data/mon-white-224/3849.jpg,中陰桔梗,
data/mon-white-224/2000.jpg,向かい烏,
data/mon-white-224/1509.jpg,太陰片喰,
data/mon-white-224/0617.jpg,変り浮線牡丹,
data/mon-white-224/0171.jpg,四つ捻じ石,
data/mon-white-224/4317.jpg,陰抱茗荷,
data/mon-white-224/12422.jpg,五つ雁金,
data/mon-white-224/0603.jpg,杏葉牡丹,
data/mon-white-224/2014.jpg,唐鐶菱,
data/mon-white-224/05610.jpg,六つ扇,
data/mon-white-224/3322.jpg,軸つき右三つ藤巴,
data/mon-white-224/08334.jpg,隅立て垂れ角違い,
data/mon-white-224/3444.jpg,三つ笄,
data/mon-white-224/11103.jpg,五つ輪違い,
data/mon-white-224/2982.jpg,折れ矢,
data/mon-white-224/3450.jpg,石持ち地抜き据え五徳,
data/mon-white-224/11117.jpg,六つ割り金輪崩し,
data/mon-white-224/2996.jpg,丸に矢尻付き違い矢,
data/mon-white-224/3336.jpg,下リバラ藤菱,
data/mon-white-224/39116.jpg,陰木瓜,
data/mon-white-224/41913.jpg,三つ組合雪輪,
data/mon-white-224/2969.jpg,並び矢筈,
data/mon-white-224/26022.jpg,反り胡蝶,
data/mon-white-224/0818.jpg,子持抱丁子,
data/mon-white-224/24635.jpg,六角橘,
data/mon-white-224/25503.jpg,五つ千鳥,
data/mon-white-224/0830.jpg,花園丁子,
data/mon-white-224/3487.jpg,花鉄仙崩し,
data/mon-white-224/2941.jpg,山文字丸,
data/mon-white-224/3493.jpg,花鉄線,
data/mon-white-224/2955.jpg,三つ横見山吹,
data/mon-white-224/2954.jpg,裏山吹,
data/mon-white-224/0831.jpg,三つ盛り違い丁子,
data/mon-white-224/3486.jpg,鉄線の花,
data/mon-white-224/24634.jpg,三つ橘亀甲,
data/mon-white-224/26023.jpg,反り飛び蝶,
data/mon-white-224/24620.jpg,三つ寄せ橘崩し,
data/mon-white-224/2997.jpg,矢尻付き三本違い矢,
data/mon-white-224/11116.jpg,六つ組金輪,
data/mon-white-224/3451.jpg,変り据え五徳,
data/mon-white-224/0158.jpg,三つ持合組井桁,
data/mon-white-224/05605.jpg,大房扇,
data/mon-white-224/07012.jpg,瓜桐,
data/mon-white-224/3337.jpg,割り対かい唐花菱,
data/mon-white-224/3323.jpg,二つ藤巴,
data/mon-white-224/1534.jpg,姫路剣片喰,
data/mon-white-224/1252.jpg,三つ割り沢瀉,
data/mon-white-224/2983.jpg,陰折れ矢,
data/mon-white-224/11102.jpg,五つ金輪,
data/mon-white-224/3445.jpg,八つ笄車,
data/mon-white-224/12423.jpg,五つ雁金車,
data/mon-white-224/0602.jpg,杏葉牡丹,
data/mon-white-224/0616.jpg,浮線牡丹,
data/mon-white-224/1508.jpg,陰片喰,
data/mon-white-224/2001.jpg,外三つ鐶,
data/mon-white-224/4316.jpg,丸に抱き茗荷,
data/mon-white-224/0170.jpg,石持ち地抜き四つ石,
data/mon-white-224/25714.jpg,変り茶の実蝶,
data/mon-white-224/04902.jpg,海老の丸,
data/mon-white-224/1939.jpg,輪違い雁金,
data/mon-white-224/27103.jpg,崩し朧蔦,
data/mon-white-224/4699.jpg,割楓菱,
data/mon-white-224/3690.jpg,子持ち山桜,
data/mon-white-224/3848.jpg,蔭桔梗,
data/mon-white-224/23403.jpg,抱き菫,
data/mon-white-224/0399.jpg,三つ盛蛤,
data/mon-white-224/1093.jpg,三つ並び輪鼓,
data/mon-white-224/3684.jpg,表桜枝丸,
data/mon-white-224/1905.jpg,立て烏帽子兜,
data/mon-white-224/3874.jpg,光琳爪形桔梗,
data/mon-white-224/3860.jpg,陰細山桜,
data/mon-white-224/1911.jpg,鳥形兜,
data/mon-white-224/24422.jpg,橘桐,
data/mon-white-224/05407.jpg,三本重ね扇,
data/mon-white-224/1044.jpg,池田輝政 三つ竜胆,
data/mon-white-224/00219.jpg,立ち葵,
data/mon-white-224/3647.jpg,釜敷き山桜,
data/mon-white-224/1050.jpg,変わり三つ葉折れ竜胆,
data/mon-white-224/0428.jpg,三つ羽根,
data/mon-white-224/3121.jpg,三つ追い松葉の丸,
data/mon-white-224/0400.jpg,四つ蛤,
data/mon-white-224/44301.jpg,鶴の丸,
data/mon-white-224/4666.jpg,市松菱,
data/mon-white-224/3109.jpg,三つ唐松,
data/mon-white-224/00225.jpg,三つ花葵の丸,
data/mon-white-224/4100.jpg,松江桐,
data/mon-white-224/90150.jpg,丸に子持ち抱き沢瀉,
data/mon-white-224/0366.jpg,角四つ割り花角,
data/mon-white-224/1078.jpg,玉持ち竜の爪,
data/mon-white-224/10022.jpg,中川柏,
data/mon-white-224/4114.jpg,足利義昭 五七花桐,
data/mon-white-224/4672.jpg,柳沢菱の葉,
data/mon-white-224/0414.jpg,孔雀鳩,
data/mon-white-224/44315.jpg,実相院菊,
data/mon-white-224/1695.jpg,蔓唐花桜,
data/mon-white-224/27711.jpg,金輪光琳鶴,
data/mon-white-224/3928.jpg,陰陽桔梗,
data/mon-white-224/3096.jpg,四つ松,
data/mon-white-224/1681.jpg,裏唐花,
data/mon-white-224/3900.jpg,三つ割り三つ葉竜胆,
data/mon-white-224/38619.jpg,四つ目鶴,
data/mon-white-224/3914.jpg,抱き葉桔梗,
data/mon-white-224/3041.jpg,祇園守,
data/mon-white-224/2439.jpg,中陰蔦菱,
data/mon-white-224/3733.jpg,三枚上り笹,
data/mon-white-224/06708.jpg,沢瀉鶴,
data/mon-white-224/05201.jpg,違い扇,
data/mon-white-224/1642.jpg,五つ梶の葉車,
data/mon-white-224/01701.jpg,違い井桁,
data/mon-white-224/4712.jpg,石持ち地抜き木瓜,
data/mon-white-224/4074.jpg,菊桐,
data/mon-white-224/09413.jpg,梶の葉団扇,
data/mon-white-224/2405.jpg,四ツ横槌,
data/mon-white-224/0212.jpg,三ツ稲妻,
data/mon-white-224/90024.jpg,真向き帆掛け船,
data/mon-white-224/0206.jpg,鱗入り三角稲妻,
data/mon-white-224/27922.jpg,八つ鉄仙,
data/mon-white-224/00423.jpg,蔓違い三つ葵,
data/mon-white-224/2377.jpg,桔梗形光琳鶴,
data/mon-white-224/4706.jpg,古木楓の丸,
data/mon-white-224/02234.jpg,三つ銀杏,
data/mon-white-224/0560.jpg,三つ寄せ帆,
data/mon-white-224/4289.jpg,曇雪,
data/mon-white-224/00812.jpg,三つ盛麻の葉,
data/mon-white-224/3280.jpg,割り下り藤,
data/mon-white-224/0951.jpg,頭合せ三つ揚羽蝶,
data/mon-white-224/0945.jpg,対い揚羽蝶,
data/mon-white-224/3294.jpg,上りバラ藤,
data/mon-white-224/26619.jpg,浮線打板,
data/mon-white-224/2834.jpg,子持ち花久留子菱,
data/mon-white-224/09822.jpg,細抱柏,
data/mon-white-224/29502.jpg,一つ波丸,
data/mon-white-224/36422.jpg,光琳三つ松,
data/mon-white-224/29516.jpg,波の丸,
data/mon-white-224/2808.jpg,三つ組み鍬形,
data/mon-white-224/07600.jpg,違い貝,
data/mon-white-224/11704.jpg,三つ鎌,
data/mon-white-224/4538.jpg,抱き柊,
data/mon-white-224/11710.jpg,六つ鎌車,
data/mon-white-224/3257.jpg,分銅桜,
data/mon-white-224/2149.jpg,十六目,
data/mon-white-224/0986.jpg,打板菱,
data/mon-white-224/0010.jpg,三つ組み銀杏,
data/mon-white-224/2607.jpg,浮線羽団扇,
data/mon-white-224/3519.jpg,松平三つ葵,
data/mon-white-224/06522.jpg,向こう花沢瀉,
data/mon-white-224/4276.jpg,木瓜形亀甲,
data/mon-white-224/2161.jpg,折り四つ目,
data/mon-white-224/42406.jpg,石持ち地抜き三本蕨,
data/mon-white-224/0776.jpg,巴の字桐,
data/mon-white-224/43718.jpg,星梅鉢,
data/mon-white-224/42412.jpg,蕨車,
data/mon-white-224/0762.jpg,二つ組み巴,
data/mon-white-224/4504.jpg,中の字菱,
data/mon-white-224/2613.jpg,桑名団扇,
data/mon-white-224/09605.jpg,尻合せ三つ梶,
data/mon-white-224/4262.jpg,六つ組み合い亀甲,
data/mon-white-224/0004.jpg,五つ軸違い銀杏,
data/mon-white-224/43734.jpg,三頭右巴,
data/mon-white-224/1444.jpg,中川柏,
data/mon-white-224/30902.jpg,真向蓮の葉,
data/mon-white-224/3253.jpg,三つ重ね分銅,
data/mon-white-224/3247.jpg,子持チ分銅,
data/mon-white-224/11700.jpg,一つ鎌,
data/mon-white-224/43720.jpg,菊菱,
data/mon-white-224/0996.jpg,滕,
data/mon-white-224/1336.jpg,五つ輪違い,
data/mon-white-224/0028.jpg,二葉枝銀杏,
data/mon-white-224/07604.jpg,三つ貝,
data/mon-white-224/06532.jpg,三つ沢瀉の丸,
data/mon-white-224/4266.jpg,三つ組み合い山形,
data/mon-white-224/2617.jpg,団扇笹,
data/mon-white-224/2171.jpg,違い鷹の羽,
data/mon-white-224/4500.jpg,三つ大文字,
data/mon-white-224/0766.jpg,変り二つ組み合せ巴,
data/mon-white-224/43708.jpg,尾長巴,
data/mon-white-224/1478.jpg,割り蔓柏菱,
data/mon-white-224/42416.jpg,蕨木瓜,
data/mon-white-224/0772.jpg,右金輪巴,
data/mon-white-224/06526.jpg,中津沢瀉,
data/mon-white-224/0014.jpg,三つ割銀杏,
data/mon-white-224/2830.jpg,矢筈十文字,
data/mon-white-224/3290.jpg,結び上り藤,
data/mon-white-224/0941.jpg,筋向かい飛び蝶,
data/mon-white-224/1487.jpg,蔓巻き柏,
data/mon-white-224/26609.jpg,小菅打板,
data/mon-white-224/26621.jpg,変わり提盤,
data/mon-white-224/29512.jpg,荒浪の丸,
data/mon-white-224/24022.jpg,対い鷹,
data/mon-white-224/29506.jpg,陰青海浪,
data/mon-white-224/36426.jpg,向い松菱,
data/mon-white-224/3051.jpg,丸に祇園守,
data/mon-white-224/1646.jpg,外割り梶の葉,
data/mon-white-224/0558.jpg,浪の丸真向き帆,
data/mon-white-224/14308.jpg,花亀甲崩し,
data/mon-white-224/2429.jpg,角卍字,
data/mon-white-224/3737.jpg,十枚笹の丸,
data/mon-white-224/06718.jpg,長門沢瀉,
data/mon-white-224/05211.jpg,屋島扇,
data/mon-white-224/1652.jpg,割り梶の葉,
data/mon-white-224/01711.jpg,井桁崩し,
data/mon-white-224/4702.jpg,楓胡蝶,
data/mon-white-224/4064.jpg,大宮菊,
data/mon-white-224/06730.jpg,細抱き沢瀉,
data/mon-white-224/09403.jpg,陰梶の葉,
data/mon-white-224/0202.jpg,反リ稲妻,
data/mon-white-224/90020.jpg,飾り船,
data/mon-white-224/1108.jpg,雁木反り扇,
data/mon-white-224/2401.jpg,尻合わせ三つ横槌,
data/mon-white-224/4070.jpg,二葉抱き菊,
data/mon-white-224/06724.jpg,福島沢瀉,
data/mon-white-224/09417.jpg,梶の葉蝶,
data/mon-white-224/4716.jpg,唐木瓜,
data/mon-white-224/0570.jpg,二つ帆菱,
data/mon-white-224/1685.jpg,結び唐花,
data/mon-white-224/38621.jpg,市松四つ目,
data/mon-white-224/36618.jpg,変り光琳松,
data/mon-white-224/27715.jpg,蔦形光琳鶴,
data/mon-white-224/3938.jpg,蟹桔梗,
data/mon-white-224/1691.jpg,剣唐花,
data/mon-white-224/26423.jpg,六つ丁子,
data/mon-white-224/3910.jpg,抱き桔梗,
data/mon-white-224/36624.jpg,六つ若松車,
data/mon-white-224/27729.jpg,鶴の丸,
data/mon-white-224/38609.jpg,結ビ四ツ目,
data/mon-white-224/3904.jpg,三つ組み桔梗,
data/mon-white-224/3125.jpg,三つ松葉巴,
data/mon-white-224/1732.jpg,三味胴角,
data/mon-white-224/1054.jpg,蔓笹竜胆,
data/mon-white-224/3643.jpg,裏桜,
data/mon-white-224/00209.jpg,剣五つ葵,
data/mon-white-224/3657.jpg,桜崩し,
data/mon-white-224/4138.jpg,変り桐菱,
data/mon-white-224/22902.jpg,違い洲浜,
data/mon-white-224/1040.jpg,抱き竜胆,
data/mon-white-224/0438.jpg,五つ追い羽子板,
data/mon-white-224/05403.jpg,三つ日の丸扇,
data/mon-white-224/3131.jpg,三つ追い松葉の丸,
data/mon-white-224/0410.jpg,二つ追い羽箒,
data/mon-white-224/44311.jpg,成田輪宝,
data/mon-white-224/4676.jpg,三つ葉桃,
data/mon-white-224/3119.jpg,三つ松葉巴,
data/mon-white-224/4110.jpg,上杉桐,
data/mon-white-224/2561.jpg,浪巴,
data/mon-white-224/1068.jpg,日蓮宗龍の丸,
data/mon-white-224/42006.jpg,朧輪,
data/mon-white-224/90140.jpg,五瓜に陰陽重ね菱,
data/mon-white-224/0376.jpg,三つ割り花菱崩し,
data/mon-white-224/90154.jpg,上七軒,
data/mon-white-224/4104.jpg,陰五三桐,
data/mon-white-224/44305.jpg,三宅輪宝,
data/mon-white-224/1929.jpg,増山雁金,
data/mon-white-224/4689.jpg,違い紅葉,
data/mon-white-224/38033.jpg,中陰変り抱き茗荷,
data/mon-white-224/3858.jpg,反り剣形桔梗,
data/mon-white-224/3680.jpg,束ね桜,
data/mon-white-224/0389.jpg,二つ尻合わせ蛤,
data/mon-white-224/1097.jpg,四つ輪鼓,
data/mon-white-224/4845.jpg,陰一本杉,
data/mon-white-224/27107.jpg,輪違い蔓蔦,
data/mon-white-224/38027.jpg,三つ蔓茗荷,
data/mon-white-224/25710.jpg,茶の実菱,
data/mon-white-224/04906.jpg,二つ追い海老の丸,
data/mon-white-224/24426.jpg,橘鶴,
data/mon-white-224/1915.jpg,二面兜,
data/mon-white-224/3864.jpg,裏桔梗,
data/mon-white-224/3870.jpg,中陰八重裏桔梗,
data/mon-white-224/1901.jpg,日月兜,
data/mon-white-224/4879.jpg,陰対い張ら雀菱,
data/mon-white-224/2987.jpg,矢尻付き横二本矢,
data/mon-white-224/1530.jpg,陰剣片喰,
data/mon-white-224/3327.jpg,東六条八つ藤,
data/mon-white-224/4448.jpg,五つ捻じ蛇の目,
data/mon-white-224/2039.jpg,鐶雀,
data/mon-white-224/3333.jpg,上り藤菱,
data/mon-white-224/05601.jpg,変わり浮線扇,
data/mon-white-224/1242.jpg,抱き葉沢瀉,
data/mon-white-224/2993.jpg,違い矢,
data/mon-white-224/01301.jpg,粟の丸,
data/mon-white-224/3455.jpg,枝河骨,
data/mon-white-224/11112.jpg,守山家金輪,
data/mon-white-224/12433.jpg,三羽飛ビ雁,
data/mon-white-224/42204.jpg,三つ寄せ結綿,
data/mon-white-224/4312.jpg,四つ弓菱,
data/mon-white-224/2005.jpg,外三つ唐鐶,
data/mon-white-224/0612.jpg,鍋島牡丹,
data/mon-white-224/0606.jpg,葉鬼杏葉牡丹,
data/mon-white-224/2011.jpg,外鐶菱,
data/mon-white-224/3469.jpg,河骨の枝丸,
data/mon-white-224/2944.jpg,尻合せ二つ山の字,
data/mon-white-224/25506.jpg,観世千鳥,
data/mon-white-224/0835.jpg,三つ割り丁子巴,
data/mon-white-224/36208.jpg,三つ鉞,
data/mon-white-224/2950.jpg,頭合せ光琳三つ山の字,
data/mon-white-224/3496.jpg,三つ割り花鉄線,
data/mon-white-224/2978.jpg,抱き矢筈,
data/mon-white-224/24624.jpg,変り浮線橘,
data/mon-white-224/0809.jpg,陰右二つ丁子巴,
data/mon-white-224/24630.jpg,裏橘,
data/mon-white-224/24631.jpg,裏向こう橘,
data/mon-white-224/0808.jpg,変り二つ丁子巴,
data/mon-white-224/36209.jpg,四つ鉞,
data/mon-white-224/2951.jpg,三宝院山文字,
data/mon-white-224/2945.jpg,尻合せ三つ山の字,
data/mon-white-224/0834.jpg,頭合せ三つ丁子,
data/mon-white-224/24619.jpg,変り向う橘,
data/mon-white-224/37103.jpg,的,
data/mon-white-224/0607.jpg,近衛牡丹,
data/mon-white-224/1519.jpg,菱地抜き片喰,
data/mon-white-224/0161.jpg,三つ石,
data/mon-white-224/3468.jpg,蔓三つ葵の丸,
data/mon-white-224/4307.jpg,夕顔の花,
data/mon-white-224/2762.jpg,変り折れ熨斗,
data/mon-white-224/0613.jpg,鹿島牡丹,
data/mon-white-224/2004.jpg,三つ唐鐶,
data/mon-white-224/05600.jpg,並び扇,
data/mon-white-224/08324.jpg,隅切り反り角,
data/mon-white-224/3332.jpg,陰対い藤崩し菱,
data/mon-white-224/11113.jpg,四つ組み金輪,
data/mon-white-224/3454.jpg,河骨菱,
data/mon-white-224/01300.jpg,粟の丸,
data/mon-white-224/2986.jpg,入れ違い矢,
data/mon-white-224/2038.jpg,鐶雀,
data/mon-white-224/4449.jpg,蛇の目七曜,
data/mon-white-224/3326.jpg,八つ藤,
data/mon-white-224/1531.jpg,陰剣片喰,
data/mon-white-224/3871.jpg,光琳桔梗,
data/mon-white-224/4878.jpg,二羽張ら雀菱,
data/mon-white-224/24433.jpg,光琳橘,
data/mon-white-224/1914.jpg,飛び龍兜,
data/mon-white-224/3865.jpg,台地抜き裏桔梗,
data/mon-white-224/3695.jpg,陰笹の丸,
data/mon-white-224/23406.jpg,菫胡蝶,
data/mon-white-224/27106.jpg,利休蔦,
data/mon-white-224/4850.jpg,鳥居杉,
data/mon-white-224/4688.jpg,杏葉楓,
data/mon-white-224/25705.jpg,茶の実桐,
data/mon-white-224/1096.jpg,三つ寄せ立鼓,
data/mon-white-224/3681.jpg,変り枝桜,
data/mon-white-224/3859.jpg,八重裏桔梗,
data/mon-white-224/00220.jpg,細蔓一つ葵,
data/mon-white-224/4105.jpg,中陰五三鬼桐,
data/mon-white-224/0363.jpg,四つ尖り花角,
data/mon-white-224/90155.jpg,祇園東団子,
data/mon-white-224/44304.jpg,尻合せ三つ楓,
data/mon-white-224/0405.jpg,一つ羽箒,
data/mon-white-224/3118.jpg,石持ち地抜き三つ葉松笠,
data/mon-white-224/4677.jpg,葉付き三つ桃,
data/mon-white-224/25922.jpg,変り対い鎧蝶,
data/mon-white-224/44310.jpg,音羽山,
data/mon-white-224/0411.jpg,抱き羽箒,
data/mon-white-224/0377.jpg,外三つ割り片喰,
data/mon-white-224/1069.jpg,右雨龍,
data/mon-white-224/4111.jpg,五七桐,
data/mon-white-224/1041.jpg,三つ葉竜胆,
data/mon-white-224/22903.jpg,陰州浜,
data/mon-white-224/4139.jpg,五七乱れ桐,
data/mon-white-224/3130.jpg,松葉三つ巴,
data/mon-white-224/05402.jpg,三つ割り雁木日の丸扇,
data/mon-white-224/05416.jpg,七本骨雁木扇,
data/mon-white-224/3124.jpg,三つ追い組み松葉の丸,
data/mon-white-224/00208.jpg,剣二つ葵,
data/mon-white-224/3642.jpg,中陰裏桜,
data/mon-white-224/1055.jpg,七宝竜胆,
data/mon-white-224/38608.jpg,六つ釘抜,
data/mon-white-224/3905.jpg,三つ横見桔梗,
data/mon-white-224/27728.jpg,上下向い鶴,
data/mon-white-224/36625.jpg,六つ若松車,
data/mon-white-224/3911.jpg,浮線桔梗,
data/mon-white-224/26422.jpg,六つ丁子,
data/mon-white-224/27714.jpg,光琳鶴,
data/mon-white-224/36619.jpg,変り荒枝付き三階松,
data/mon-white-224/1690.jpg,剣唐花,
data/mon-white-224/3087.jpg,雪持ち三つ松,
data/mon-white-224/2399.jpg,中陰槌,
data/mon-white-224/1684.jpg,中陰裏唐花,
data/mon-white-224/24209.jpg,華蔓結び,
data/mon-white-224/38620.jpg,四つ目菱,
data/mon-white-224/09416.jpg,梶の葉蝶,
data/mon-white-224/06725.jpg,変り違ひ沢瀉,
data/mon-white-224/4071.jpg,花付き抱き菊,
data/mon-white-224/2400.jpg,三つ横槌,
data/mon-white-224/1109.jpg,大房扇,
data/mon-white-224/90021.jpg,帆掛船,
data/mon-white-224/0571.jpg,二つ帆の丸,
data/mon-white-224/2366.jpg,真向き光琳鶴,
data/mon-white-224/4703.jpg,楓蝶,
data/mon-white-224/0565.jpg,変リ帆丸,
data/mon-white-224/0203.jpg,稲妻菱,
data/mon-white-224/06731.jpg,変わり沢瀉の枝丸,
data/mon-white-224/4065.jpg,三つ割り六角葉菊,
data/mon-white-224/2414.jpg,石持ち地抜き抱き角,
data/mon-white-224/05210.jpg,横重ネ扇,
data/mon-white-224/01710.jpg,井桁桐,
data/mon-white-224/1653.jpg,割り鬼梶の葉,
data/mon-white-224/1647.jpg,外割り鬼梶の葉,
data/mon-white-224/3736.jpg,三つ割り篠笹,
data/mon-white-224/2428.jpg,六つ袋角,
data/mon-white-224/1121.jpg,破れ扇,
data/mon-white-224/90009.jpg,剣四方木瓜,
data/mon-white-224/36427.jpg,向い二つ松,
data/mon-white-224/29507.jpg,左波の丸,
data/mon-white-224/24023.jpg,鷹の羽蛇の目,
data/mon-white-224/29513.jpg,今熊野波,
data/mon-white-224/26620.jpg,三つ打板,
data/mon-white-224/3285.jpg,安藤藤,
data/mon-white-224/1492.jpg,二葉柏蝶,
data/mon-white-224/2831.jpg,四つ子持ち花久留子,
data/mon-white-224/3291.jpg,伊藤藤,
data/mon-white-224/4515.jpg,足利二つ引両,
data/mon-white-224/0773.jpg,左金輪巴,
data/mon-white-224/0015.jpg,三つ組銀杏,
data/mon-white-224/4267.jpg,花亀甲崩し,
data/mon-white-224/3508.jpg,西条三つ葵,
data/mon-white-224/06533.jpg,三つ長門沢瀉,
data/mon-white-224/42417.jpg,蕨輪,
data/mon-white-224/43709.jpg,違い鷹の羽,
data/mon-white-224/4501.jpg,本文字,
data/mon-white-224/1451.jpg,陰抱き柏,
data/mon-white-224/0997.jpg,陰千切り,
data/mon-white-224/43721.jpg,豊前英彦山神社,
data/mon-white-224/11701.jpg,鎌,
data/mon-white-224/3246.jpg,宝分銅,
data/mon-white-224/3520.jpg,三つ唐草葵,
data/mon-white-224/0029.jpg,変わり三つ銀杏,
data/mon-white-224/1337.jpg,六つ輪違い,
data/mon-white-224/3252.jpg,三つ分銅,
data/mon-white-224/06519.jpg,隅立て角沢瀉,
data/mon-white-224/11703.jpg,五つ鎌車,
data/mon-white-224/3244.jpg,花分銅,
data/mon-white-224/43723.jpg,笹竜胆,
data/mon-white-224/1453.jpg,光臨中陰抱き柏,
data/mon-white-224/0759.jpg,九曜巴,
data/mon-white-224/3250.jpg,陰陽分銅,
data/mon-white-224/3536.jpg,立ち葵,
data/mon-white-224/4259.jpg,違い一重亀甲,
data/mon-white-224/2628.jpg,北条鱗,
data/mon-white-224/1321.jpg,三輪違い,
data/mon-white-224/06525.jpg,三つ割沢瀉,
data/mon-white-224/08508.jpg,反り平角,
data/mon-white-224/1309.jpg,変わり結綿,
data/mon-white-224/0771.jpg,結び巴,
data/mon-white-224/3278.jpg,変り下り散ら藤,
data/mon-white-224/4503.jpg,大の字菱,
data/mon-white-224/0765.jpg,二つ組み合せ巴,
data/mon-white-224/42415.jpg,蕨巴,
data/mon-white-224/06531.jpg,三つ盛り沢瀉,
data/mon-white-224/09602.jpg,入れ違い梶の葉,
data/mon-white-224/4265.jpg,三つ鉄砲亀甲崩し,
data/mon-white-224/2614.jpg,中津団扇,
data/mon-white-224/36419.jpg,櫛松,
data/mon-white-224/00815.jpg,持ち合い麻の葉,
data/mon-white-224/3287.jpg,軸付き上がり藤,
data/mon-white-224/11918.jpg,蓑亀の丸,
data/mon-white-224/3293.jpg,上りバラ藤,
data/mon-white-224/0942.jpg,向かい蝶,
data/mon-white-224/35104.jpg,四つ重ね星,
data/mon-white-224/24009.jpg,三つ反り鷹の羽,
data/mon-white-224/27500.jpg,三つ椿,
data/mon-white-224/2833.jpg,三つ割り久留子,
data/mon-white-224/29505.jpg,陰青海浪,
data/mon-white-224/36425.jpg,光琳松,
data/mon-white-224/09819.jpg,違い柏,
data/mon-white-224/26622.jpg,変り打板,
data/mon-white-224/36431.jpg,今宮三階松,
data/mon-white-224/1651.jpg,割り平戸梶,
data/mon-white-224/01712.jpg,中陰井桁,
data/mon-white-224/3720.jpg,中陰雪持ち笹,
data/mon-white-224/0229.jpg,錨,
data/mon-white-224/05206.jpg,中陰三つ扇,
data/mon-white-224/27919.jpg,鉄仙崩し菱,
data/mon-white-224/3734.jpg,変り割り篠笹,
data/mon-white-224/3052.jpg,平角祇園守,
data/mon-white-224/00418.jpg,本田葵の丸,
data/mon-white-224/1645.jpg,杏葉梶,
data/mon-white-224/4715.jpg,陰四方木瓜,
data/mon-white-224/0215.jpg,地紙形稲妻,
data/mon-white-224/2402.jpg,三つ槌,
data/mon-white-224/4073.jpg,千重枝菊,
data/mon-white-224/06727.jpg,変わり五つ沢瀉,
data/mon-white-224/2416.jpg,四つ又抱き角,
data/mon-white-224/4067.jpg,二葉鬼菊の丸,
data/mon-white-224/27925.jpg,変わり鉄線,
data/mon-white-224/06733.jpg,澤瀉桐,
data/mon-white-224/4701.jpg,楓桐,
data/mon-white-224/00424.jpg,蔓五つ葵,
data/mon-white-224/3085.jpg,光琳三つ松,
data/mon-white-224/1692.jpg,剣唐花,
data/mon-white-224/26408.jpg,左二つ丁子巴,
data/mon-white-224/27716.jpg,飛び鶴,
data/mon-white-224/4098.jpg,陰五三桐,
data/mon-white-224/0598.jpg,葉陰杏葉牡丹,
data/mon-white-224/1686.jpg,六つ唐花,
data/mon-white-224/3907.jpg,三つ横見桔梗,
data/mon-white-224/3913.jpg,葉桔梗の丸,
data/mon-white-224/3654.jpg,三つ割細山桜,
data/mon-white-224/01100.jpg,五芒星,
data/mon-white-224/1043.jpg,三つ割り笹竜胆,
data/mon-white-224/1057.jpg,総陰竜胆車,
data/mon-white-224/0349.jpg,有職花菱,
data/mon-white-224/3640.jpg,葉付き裏桜,
data/mon-white-224/3898.jpg,竜胆桔梗車,
data/mon-white-224/10019.jpg,中陰抱き柏,
data/mon-white-224/4649.jpg,四つ重ね菱,
data/mon-white-224/4661.jpg,変り松皮菱桐,
data/mon-white-224/44306.jpg,月星,
data/mon-white-224/4107.jpg,五七桐,
data/mon-white-224/4113.jpg,五七鬼桐,
data/mon-white-224/2562.jpg,一つ波巴,
data/mon-white-224/42005.jpg,六つ車輪,
data/mon-white-224/90143.jpg,陰陽重ね菱,
data/mon-white-224/0375.jpg,枝花菱,
data/mon-white-224/0413.jpg,鳩,
data/mon-white-224/44312.jpg,桔梗,
data/mon-white-224/4846.jpg,一本杉,
data/mon-white-224/27104.jpg,蔓蔦,
data/mon-white-224/04905.jpg,三つ追い海老の丸,
data/mon-white-224/1080.jpg,竜の鱗,
data/mon-white-224/23404.jpg,毛利菫,
data/mon-white-224/3697.jpg,九枚笹,
data/mon-white-224/3683.jpg,葉付き三つ桜の丸,
data/mon-white-224/1094.jpg,三つ立鼓,
data/mon-white-224/25707.jpg,茶の実枝丸,
data/mon-white-224/70048.jpg,源氏香の早蕨,
data/mon-white-224/27110.jpg,鶉蔦,
data/mon-white-224/4852.jpg,重ね三本杉,
data/mon-white-224/38030.jpg,三つ茗荷崩し,
data/mon-white-224/1902.jpg,箙兜,
data/mon-white-224/3873.jpg,沼田桔梗,
data/mon-white-224/3867.jpg,八重桔梗,
data/mon-white-224/24425.jpg,橘枝丸,
data/mon-white-224/1916.jpg,雁金,
data/mon-white-224/1241.jpg,二つ追い葉沢瀉,
data/mon-white-224/4339.jpg,鍋島茗荷,
data/mon-white-224/01302.jpg,違い抱き粟,
data/mon-white-224/3456.jpg,三つ河骨,
data/mon-white-224/3330.jpg,八つ藤菱,
data/mon-white-224/08326.jpg,隅切平反り角,
data/mon-white-224/0639.jpg,蟹形杏葉牡丹,
data/mon-white-224/05602.jpg,扇揚羽蝶,
data/mon-white-224/1533.jpg,離れ剣片喰,
data/mon-white-224/3324.jpg,散ら藤巴,
data/mon-white-224/07001.jpg,五瓜,
data/mon-white-224/2984.jpg,並び矢,
data/mon-white-224/1255.jpg,三つ追い沢瀉,
data/mon-white-224/0163.jpg,三つ寄せ石,
data/mon-white-224/0605.jpg,変り葉上り牡丹,
data/mon-white-224/3318.jpg,左三つ藤巴,
data/mon-white-224/0611.jpg,仙台蟹牡丹,
data/mon-white-224/42207.jpg,変り結綿,
data/mon-white-224/4311.jpg,違い弓,
data/mon-white-224/2953.jpg,向こう山吹,
data/mon-white-224/26018.jpg,蝶の星,
data/mon-white-224/25505.jpg,千鳥,
data/mon-white-224/1296.jpg,抱き束ね蕨,
data/mon-white-224/0188.jpg,角立て絡み稲妻,
data/mon-white-224/2947.jpg,山の字菱,
data/mon-white-224/41901.jpg,五瓜,
data/mon-white-224/26024.jpg,飛び蝶,
data/mon-white-224/24627.jpg,変り橘蝶,
data/mon-white-224/41915.jpg,輪抜き,
data/mon-white-224/24626.jpg,薬師寺橘,
data/mon-white-224/39105.jpg,堀田木瓜,
data/mon-white-224/26025.jpg,輪蝶,
data/mon-white-224/0837.jpg,金輪丁子巴,
data/mon-white-224/25504.jpg,四つ千鳥菱,
data/mon-white-224/2946.jpg,三階山の字,
data/mon-white-224/0189.jpg,角立て紗綾形稲妻,
data/mon-white-224/26019.jpg,蝶車,
data/mon-white-224/0610.jpg,杏葉牡丹,
data/mon-white-224/2007.jpg,外鐶菱,
data/mon-white-224/3319.jpg,軸付キ左三ツ藤巴,
data/mon-white-224/40411.jpg,四季,
data/mon-white-224/2761.jpg,変り熨斗の丸,
data/mon-white-224/42206.jpg,変わり結綿,
data/mon-white-224/0162.jpg,三つ石,
data/mon-white-224/0604.jpg,鬼牡丹,
data/mon-white-224/3325.jpg,三つ葉散ら藤の丸,
data/mon-white-224/1532.jpg,剣片喰,
data/mon-white-224/2985.jpg,三つ並び矢,
data/mon-white-224/3457.jpg,丸に頭合わせ三つ河骨,
data/mon-white-224/2991.jpg,違イ矢,
data/mon-white-224/01303.jpg,一つ粟の丸,
data/mon-white-224/1240.jpg,木瓜沢瀉,
data/mon-white-224/0638.jpg,花陰蟹牡丹,
data/mon-white-224/05603.jpg,扇揚羽蝶,
data/mon-white-224/1526.jpg,剣片喰,
data/mon-white-224/3331.jpg,対い藤菱,
data/mon-white-224/3866.jpg,中陰裏桔梗,
data/mon-white-224/24424.jpg,橘枝丸,
data/mon-white-224/38019.jpg,変り三つ向い茗荷崩し,
data/mon-white-224/1903.jpg,後向き兜,
data/mon-white-224/3872.jpg,山城桔梗,
data/mon-white-224/1095.jpg,三つ寄せ輪鼓,
data/mon-white-224/3682.jpg,小山蟹桜,
data/mon-white-224/38031.jpg,抱き茗荷,
data/mon-white-224/4853.jpg,三本杉,
data/mon-white-224/27111.jpg,鶉蔓蔦,
data/mon-white-224/70049.jpg,源氏香の宿木,
data/mon-white-224/25706.jpg,茶の実桐,
data/mon-white-224/24418.jpg,菊座橘,
data/mon-white-224/04904.jpg,向かい海老の丸,
data/mon-white-224/25712.jpg,変り浮線茶の実,
data/mon-white-224/4847.jpg,本多一本杉,
data/mon-white-224/3696.jpg,九枚笹,
data/mon-white-224/23405.jpg,菫車,
data/mon-white-224/1081.jpg,違い竜の角,
data/mon-white-224/0374.jpg,三ツ寄セ花菱,
data/mon-white-224/10024.jpg,中輪鬼三つ柏,
data/mon-white-224/4112.jpg,五七鬼桐,
data/mon-white-224/44313.jpg,大念仏寺,
data/mon-white-224/0412.jpg,三つ追い羽箒,
data/mon-white-224/4660.jpg,松皮菱桐,
data/mon-white-224/4106.jpg,石持ち地抜き五三鬼桐,
data/mon-white-224/3669.jpg,杏葉桜,
data/mon-white-224/0360.jpg,四ッ花菱,
data/mon-white-224/90156.jpg,九曜菊,
data/mon-white-224/10018.jpg,中陰三ツ柏,
data/mon-white-224/3641.jpg,裏桜,
data/mon-white-224/0348.jpg,二つ剣花菱,
data/mon-white-224/1056.jpg,久我竜胆,
data/mon-white-224/05415.jpg,七本骨雁木扇,
data/mon-white-224/4648.jpg,四つ糸巻き板菱,
data/mon-white-224/2239.jpg,菊座橘,
data/mon-white-224/05401.jpg,三つ追い雁木扇,
data/mon-white-224/1042.jpg,三つ割り三つ葉竜胆,
data/mon-white-224/22900.jpg,違い洲浜,
data/mon-white-224/3655.jpg,九曜桜,
data/mon-white-224/3912.jpg,葉付き割り桔梗,
data/mon-white-224/3906.jpg,中陰三つ横見桔梗,
data/mon-white-224/36626.jpg,六角若松,
data/mon-white-224/4099.jpg,総陰五三桐,
data/mon-white-224/0599.jpg,石持ち地抜き杏葉牡丹,
data/mon-white-224/1693.jpg,織田唐花,
data/mon-white-224/27717.jpg,上下対い鶴菱,
data/mon-white-224/0200.jpg,七角稲妻,
data/mon-white-224/06732.jpg,沢瀉桐,
data/mon-white-224/38804.jpg,蔓反り四つ目菱,
data/mon-white-224/27924.jpg,八重鉄線,
data/mon-white-224/4066.jpg,葉敷き横見菊,
data/mon-white-224/2417.jpg,細抱き角,
data/mon-white-224/00425.jpg,蔓三つ葵,
data/mon-white-224/4700.jpg,四つ紅葉,
data/mon-white-224/1678.jpg,変り唐花,
data/mon-white-224/06726.jpg,一つ沢瀉の丸,
data/mon-white-224/09415.jpg,梶の葉飛び蝶,
data/mon-white-224/90022.jpg,帆掛船,
data/mon-white-224/0214.jpg,隅立て重ね稲妻,
data/mon-white-224/3735.jpg,割り篠笹,
data/mon-white-224/1122.jpg,陰源氏扇,
data/mon-white-224/05207.jpg,陰渡辺扇,
data/mon-white-224/1644.jpg,梶の花,
data/mon-white-224/00419.jpg,本田捻じ葵,
data/mon-white-224/11500.jpg,立て烏帽子兜,
data/mon-white-224/1650.jpg,割り梶の葉菱,
data/mon-white-224/0228.jpg,麻形稲妻,
data/mon-white-224/36430.jpg,高砂松,
data/mon-white-224/09818.jpg,割り蔓柏菱,
data/mon-white-224/36424.jpg,光琳三階松,
data/mon-white-224/24020.jpg,丸に違い鷹の羽,
data/mon-white-224/0943.jpg,変り上下対い蝶,
data/mon-white-224/3292.jpg,変わり上がり藤,
data/mon-white-224/2832.jpg,三つ久留子,
data/mon-white-224/27501.jpg,三つ椿車,
data/mon-white-224/24008.jpg,三つ折れ鷹の羽の丸,
data/mon-white-224/35105.jpg,四つ星,
data/mon-white-224/11919.jpg,篷来亀,
data/mon-white-224/3286.jpg,子持ち上り藤,
data/mon-white-224/1491.jpg,柏蝶,
data/mon-white-224/42414.jpg,蕨蝶,
data/mon-white-224/0764.jpg,足上げ二つ巴,
data/mon-white-224/4502.jpg,木文字,
data/mon-white-224/2615.jpg,奥平団扇,
data/mon-white-224/4264.jpg,三つ盛り一重割り亀甲崩し,
data/mon-white-224/09603.jpg,浮線柏,
data/mon-white-224/06530.jpg,三つ寄せ変わり澤瀉,
data/mon-white-224/1308.jpg,変わり結綿,
data/mon-white-224/06524.jpg,向う蔓沢瀉,
data/mon-white-224/3279.jpg,軸違い下り散ら藤,
data/mon-white-224/4516.jpg,足利二つ引両,
data/mon-white-224/42400.jpg,花蕨,
data/mon-white-224/0770.jpg,細組み巴,
data/mon-white-224/0758.jpg,巴七曜,
data/mon-white-224/14108.jpg,変わり抱き鬼梶の葉,
data/mon-white-224/4258.jpg,変り花亀甲,
data/mon-white-224/07606.jpg,聖護院 法螺貝,
data/mon-white-224/1452.jpg,石持ち地抜き抱き柏,
data/mon-white-224/43722.jpg,輪違い,
data/mon-white-224/3245.jpg,星付き分銅,
data/mon-white-224/2142.jpg,重ね五つ目菱,
data/mon-white-224/0755.jpg,左子持チ三ツ巴,
data/mon-white-224/4255.jpg,三つ持ち合い一重亀甲,
data/mon-white-224/06501.jpg,違い葉沢瀉,
data/mon-white-224/06515.jpg,丸に抱き沢瀉,
data/mon-white-224/2630.jpg,陰北条鱗,
data/mon-white-224/80002.jpg,菱,
data/mon-white-224/0741.jpg,陰一つ巴菱,
data/mon-white-224/00602.jpg,赤鳥菱,
data/mon-white-224/3248.jpg,並び分銅,
data/mon-white-224/4527.jpg,三浦三ツ引キ,
data/mon-white-224/0769.jpg,三つ組み巴,
data/mon-white-224/43707.jpg,三頭右巴,
data/mon-white-224/1477.jpg,対い折れ柏菱,
data/mon-white-224/3260.jpg,分銅菱,
data/mon-white-224/3506.jpg,守山三つ葵,
data/mon-white-224/1311.jpg,結綿菱,
data/mon-white-224/06529.jpg,尻合わせ三つ沢瀉,
data/mon-white-224/3512.jpg,剣三つ葵,
data/mon-white-224/08504.jpg,反り込み鉄砲角,
data/mon-white-224/3274.jpg,岩船藤,
data/mon-white-224/43713.jpg,三頭右巴,
data/mon-white-224/0796.jpg,折れ丁子,
data/mon-white-224/11900.jpg,一つ蓑亀の丸,
data/mon-white-224/36401.jpg,陰一つ松,
data/mon-white-224/26612.jpg,釣り打板,
data/mon-white-224/35108.jpg,七曜,
data/mon-white-224/24005.jpg,細抱き鷹の羽,
data/mon-white-224/24011.jpg,使い鷹,
data/mon-white-224/4282.jpg,春の雪,
data/mon-white-224/29535.jpg,白浪,
data/mon-white-224/26606.jpg,三つ盛り打板,
data/mon-white-224/11914.jpg,登り亀,
data/mon-white-224/30702.jpg,三段梯子,
data/mon-white-224/2195.jpg,三つ違い鷹の羽,
data/mon-white-224/0972.jpg,陰揚羽蝶菱,
data/mon-white-224/36429.jpg,三つ笠松,
data/mon-white-224/2817.jpg,三つ梔子,
data/mon-white-224/29509.jpg,渦巻き浪,
data/mon-white-224/2426.jpg,三つ割り角,
data/mon-white-224/06703.jpg,沢瀉胡蝶,
data/mon-white-224/27915.jpg,三ツ割リ鉄線,
data/mon-white-224/0231.jpg,汽船錨,
data/mon-white-224/1649.jpg,違い梶の葉,
data/mon-white-224/0557.jpg,帆掛船,
data/mon-white-224/00414.jpg,変り蔓葵の丸,
data/mon-white-224/4725.jpg,板倉木瓜,
data/mon-white-224/00400.jpg,入れ違い割葵,
data/mon-white-224/0543.jpg,三つ帆の丸,
data/mon-white-224/90013.jpg,楓の葉,
data/mon-white-224/0225.jpg,稲妻鶴,
data/mon-white-224/2432.jpg,中陰蔦,
data/mon-white-224/27901.jpg,陰六つ鉄仙,
data/mon-white-224/3704.jpg,六枚笹,
data/mon-white-224/27929.jpg,六つ鉄仙,
data/mon-white-224/1675.jpg,石持ち地抜き桔梗,
data/mon-white-224/1661.jpg,梶の葉鶴,
data/mon-white-224/4719.jpg,堀田木瓜,
data/mon-white-224/0219.jpg,釘抜稲妻,
data/mon-white-224/24207.jpg,蝶形宝結び,
data/mon-white-224/26410.jpg,左五つ丁子巴,
data/mon-white-224/36603.jpg,櫛松,
data/mon-white-224/3923.jpg,花桔梗枝丸,
data/mon-white-224/2383.jpg,陰月,
data/mon-white-224/0594.jpg,乱れ牡丹,
data/mon-white-224/2397.jpg,木目槌,
data/mon-white-224/26404.jpg,五つ丁子,
data/mon-white-224/4080.jpg,割り梶の葉菱,
data/mon-white-224/36617.jpg,二階松,
data/mon-white-224/3937.jpg,桔梗鶴,
data/mon-white-224/27732.jpg,陰鶴の丸,
data/mon-white-224/38606.jpg,四つ繋ぎ釘抜,
data/mon-white-224/4123.jpg,大陰変り五三桐,
data/mon-white-224/10015.jpg,陰三つ柏,
data/mon-white-224/3894.jpg,三つ割り台地抜き裏桔梗,
data/mon-white-224/90173.jpg,日月,
data/mon-white-224/4645.jpg,中陰持合武田菱,
data/mon-white-224/4651.jpg,三つ盛り菱,
data/mon-white-224/0437.jpg,三つ重ね羽子板,
data/mon-white-224/14501.jpg,三つ盛り一重割り亀甲崩し,
data/mon-white-224/25904.jpg,三つ飛び蝶,
data/mon-white-224/0351.jpg,丸に四方剣花角,
data/mon-white-224/4137.jpg,中陰乱れ桐,
data/mon-white-224/10001.jpg,実付き三つ柏,
data/mon-white-224/2546.jpg,亀甲形三つ割り南天,
data/mon-white-224/00212.jpg,五つ葵,
data/mon-white-224/3880.jpg,蔓桔梗,
data/mon-white-224/1067.jpg,天竜の丸,
data/mon-white-224/0379.jpg,割り花菱車,
data/mon-white-224/3670.jpg,枝桜崩し,
data/mon-white-224/08100.jpg,二つ追い杜若,
data/mon-white-224/3116.jpg,割り松毬,
data/mon-white-224/05424.jpg,扇井桁,
data/mon-white-224/1715.jpg,唐花胡蝶,
data/mon-white-224/3102.jpg,割り若松,
data/mon-white-224/3664.jpg,桜浮線綾に三つ巴,
data/mon-white-224/1073.jpg,平角雨竜,
data/mon-white-224/0386.jpg,一つ蛤,
data/mon-white-224/22702.jpg,抱き薄,
data/mon-white-224/1098.jpg,四つ入子輪鼓,
data/mon-white-224/3857.jpg,反り桔梗,
data/mon-white-224/26202.jpg,変り蝶花形,
data/mon-white-224/4686.jpg,抱き楓,
data/mon-white-224/70044.jpg,源氏香の竹川,
data/mon-white-224/24401.jpg,杏葉橘,
data/mon-white-224/1932.jpg,違い雁金,
data/mon-white-224/70050.jpg,源氏香の東屋,
data/mon-white-224/4692.jpg,尻合わせ三つ紅葉,
data/mon-white-224/38028.jpg,三つ茗荷,
data/mon-white-224/27108.jpg,六つ蔦の花,
data/mon-white-224/3843.jpg,十字杵,
data/mon-white-224/24429.jpg,橘崩し,
data/mon-white-224/35524.jpg,捻じ牡丹,
data/mon-white-224/38000.jpg,違い茗荷,
data/mon-white-224/4876.jpg,重ね張ら雀,
data/mon-white-224/4447.jpg,四つ捻じ蛇の目,
data/mon-white-224/3328.jpg,九条六つ藤,
data/mon-white-224/0621.jpg,違い葉牡丹,
data/mon-white-224/23805.jpg,本庄大根,
data/mon-white-224/0147.jpg,庵井桁崩し,
data/mon-white-224/2750.jpg,後ろ向き三つ並び兎,
data/mon-white-224/11109.jpg,四つ金輪,
data/mon-white-224/2988.jpg,割り違い矢,
data/mon-white-224/4321.jpg,抱き茗荷,
data/mon-white-224/2744.jpg,梅持,
data/mon-white-224/4335.jpg,鍋島花杏葉,
data/mon-white-224/0635.jpg,花敷牡丹,
data/mon-white-224/1503.jpg,片喰,
data/mon-white-224/3314.jpg,一つ藤巴,
data/mon-white-224/08302.jpg,違い折敷,
data/mon-white-224/3472.jpg,立烏帽子,
data/mon-white-224/07025.jpg,五瓜,
data/mon-white-224/0609.jpg,秋田牡丹,
data/mon-white-224/36213.jpg,六つ鉞車,
data/mon-white-224/26000.jpg,変り対い揚羽蝶,
data/mon-white-224/22500.jpg,九字木菱,
data/mon-white-224/0190.jpg,釘抜形稲妻,
data/mon-white-224/41931.jpg,蛇の目,
data/mon-white-224/2787.jpg,変り二つ熨斗蝶丸,
data/mon-white-224/26014.jpg,中陰浮線蝶,
data/mon-white-224/0806.jpg,左二つ丁子巴,
data/mon-white-224/2977.jpg,追い矢筈,
data/mon-white-224/41919.jpg,餅,
data/mon-white-224/2963.jpg,中陰矢筈,
data/mon-white-224/39109.jpg,木瓜,
data/mon-white-224/0813.jpg,変わり違い丁子,
data/mon-white-224/0807.jpg,右二つ丁子巴,
data/mon-white-224/38203.jpg,茗荷枝丸,
data/mon-white-224/2976.jpg,剣三つ矢筈,
data/mon-white-224/2786.jpg,熨斗蝶,
data/mon-white-224/26015.jpg,中陰浮線蝶,
data/mon-white-224/36206.jpg,五つ鉞車,
data/mon-white-224/36212.jpg,斧菊,
data/mon-white-224/4485.jpg,丸に三つ中の字,
data/mon-white-224/0185.jpg,丸に角立て稲妻,
data/mon-white-224/4308.jpg,夕顔の葉丸,
data/mon-white-224/0608.jpg,変わり花牡丹,
data/mon-white-224/3301.jpg,柴田藤,
data/mon-white-224/08303.jpg,違い垂れ角,
data/mon-white-224/3315.jpg,枝藤の丸,
data/mon-white-224/1502.jpg,片喰,
data/mon-white-224/3473.jpg,烏帽子,
data/mon-white-224/4334.jpg,抱き杏葉,
data/mon-white-224/2023.jpg,六條鐶桜,
data/mon-white-224/0634.jpg,二葉牡丹,
data/mon-white-224/0620.jpg,変り花抱き牡丹,
data/mon-white-224/3329.jpg,六つ藤,
data/mon-white-224/4446.jpg,四つ並び蛇の目,
data/mon-white-224/11108.jpg,三つ双金輪,
data/mon-white-224/0146.jpg,唐井筒,
data/mon-white-224/23804.jpg,大根の丸,
data/mon-white-224/12401.jpg,陰雁金,
data/mon-white-224/38015.jpg,根違い茗荷,
data/mon-white-224/38001.jpg,一つ落ち葉茗荷,
data/mon-white-224/24428.jpg,橘菱,
data/mon-white-224/27109.jpg,朧蔦,
data/mon-white-224/70051.jpg,源氏香の浮舟,
data/mon-white-224/4693.jpg,糸輪三つ楓,
data/mon-white-224/1933.jpg,糸巻雁金,
data/mon-white-224/24400.jpg,杏葉橘,
data/mon-white-224/3856.jpg,剣形桔梗,
data/mon-white-224/1099.jpg,亀甲立鼓,
data/mon-white-224/0387.jpg,一つ蛤,
data/mon-white-224/4687.jpg,抱き楓,
data/mon-white-224/70045.jpg,源氏香の橋姫,
data/mon-white-224/26203.jpg,変わり三つ蝶花形,
data/mon-white-224/3103.jpg,三つ割り若松,
data/mon-white-224/1714.jpg,中陰唐花飛び蝶,
data/mon-white-224/1072.jpg,隅立て雨竜,
data/mon-white-224/3671.jpg,桜蝶,
data/mon-white-224/0378.jpg,五つ割り花菱崩し,
data/mon-white-224/1066.jpg,竜の丸,
data/mon-white-224/08101.jpg,変り杜若の花,
data/mon-white-224/07232.jpg,五瓜胡蝶,
data/mon-white-224/25905.jpg,三つ浮線蝶巴,
data/mon-white-224/14500.jpg,三つ盛り一重割り亀甲崩し,
data/mon-white-224/1728.jpg,太夫角,
data/mon-white-224/0436.jpg,三つ羽子板,
data/mon-white-224/2221.jpg,三つ反り鷹の羽,
data/mon-white-224/3881.jpg,花桔梗,
data/mon-white-224/2547.jpg,南天桐,
data/mon-white-224/10000.jpg,実付き鬼結び柏,
data/mon-white-224/4136.jpg,変り踊り桐,
data/mon-white-224/3895.jpg,三つ割り裏桔梗,
data/mon-white-224/00207.jpg,紀州六つ葵,
data/mon-white-224/4122.jpg,五三鬼桐,
data/mon-white-224/4644.jpg,武田菱,
data/mon-white-224/25911.jpg,松平大学頭蝶,
data/mon-white-224/38607.jpg,変り繋ぎ四つ目,
data/mon-white-224/27733.jpg,折り鶴,
data/mon-white-224/38613.jpg,三つ目,
data/mon-white-224/2396.jpg,槌,
data/mon-white-224/0581.jpg,大割り牡丹,
data/mon-white-224/3936.jpg,中陰桔梗鶴,
data/mon-white-224/36616.jpg,二つ追根付若松,
data/mon-white-224/4081.jpg,葉付き菊菱,
data/mon-white-224/26405.jpg,五つ丁子,
data/mon-white-224/3922.jpg,花桔梗枝丸,
data/mon-white-224/4095.jpg,五三桐,
data/mon-white-224/36602.jpg,松竹菱,
data/mon-white-224/24206.jpg,角宝結び,
data/mon-white-224/2382.jpg,繋ぎ月,
data/mon-white-224/4718.jpg,竪木瓜,
data/mon-white-224/1660.jpg,梶枝丸,
data/mon-white-224/1106.jpg,五本骨反り扇,
data/mon-white-224/0218.jpg,稲光付き四つ稲妻,
data/mon-white-224/09419.jpg,割り梶の葉,
data/mon-white-224/27928.jpg,葉敷花鉄仙,
data/mon-white-224/00401.jpg,播州六つ葵,
data/mon-white-224/4724.jpg,蔓木瓜,
data/mon-white-224/27900.jpg,菊杏葉鉄線,
data/mon-white-224/2433.jpg,藤堂蔦,
data/mon-white-224/0224.jpg,捻じ稲妻菱,
data/mon-white-224/90012.jpg,桃,
data/mon-white-224/0230.jpg,海軍錨,
data/mon-white-224/27914.jpg,三ツ割リ花鉄,
data/mon-white-224/06702.jpg,沢瀉桐,
data/mon-white-224/4730.jpg,雲木瓜,
data/mon-white-224/1648.jpg,割り違い梶,
data/mon-white-224/29508.jpg,渦巻き浪,
data/mon-white-224/2816.jpg,陰三つ割り梔子,
data/mon-white-224/36428.jpg,三階松,
data/mon-white-224/0973.jpg,中陰向かい蝶菱,
data/mon-white-224/2802.jpg,星付き鍬形,
data/mon-white-224/09814.jpg,五徳柏,
data/mon-white-224/26607.jpg,三つ打板,
data/mon-white-224/29534.jpg,二頭浪,
data/mon-white-224/4283.jpg,春風雪,
data/mon-white-224/2194.jpg,三つ並び鷹の羽,
data/mon-white-224/30703.jpg,牧野梯子,
data/mon-white-224/11915.jpg,親子亀,
data/mon-white-224/11901.jpg,下り亀,
data/mon-white-224/24004.jpg,高木鷹の羽,
data/mon-white-224/26613.jpg,提盤,
data/mon-white-224/29520.jpg,三つ浪巴,
data/mon-white-224/08505.jpg,反り入り角,
data/mon-white-224/06528.jpg,三つ沢瀉の丸,
data/mon-white-224/3513.jpg,三つ軸違い葵,
data/mon-white-224/1462.jpg,軸付き三つ追い折れ柏,
data/mon-white-224/43712.jpg,三頭右巴,
data/mon-white-224/3275.jpg,一条藤,
data/mon-white-224/3261.jpg,下がり藤,
data/mon-white-224/1476.jpg,変り柏桐,
data/mon-white-224/0768.jpg,三つ組み巴,
data/mon-white-224/43706.jpg,三頭右巴,
data/mon-white-224/08511.jpg,隅切り平角,
data/mon-white-224/3507.jpg,出羽三つ葵,
data/mon-white-224/4268.jpg,変り亀甲崩し,
data/mon-white-224/2631.jpg,三つ鱗,
data/mon-white-224/3249.jpg,持ち合い分銅,
data/mon-white-224/0740.jpg,角形三つ巴,
data/mon-white-224/2143.jpg,重ね五つ目,
data/mon-white-224/06500.jpg,違い沢瀉,
data/mon-white-224/0032.jpg,三つ落ち銀杏,
data/mon-white-224/0742.jpg,細二つ巴菱,
data/mon-white-224/00601.jpg,赤鳥,
data/mon-white-224/2155.jpg,桛四つ目,
data/mon-white-224/14112.jpg,抱き梶の葉,
data/mon-white-224/0024.jpg,違い銀杏,
data/mon-white-224/0030.jpg,三つ立ち銀杏,
data/mon-white-224/2141.jpg,重ね四つ目,
data/mon-white-224/3277.jpg,二条藤,
data/mon-white-224/43710.jpg,右三つ巴,
data/mon-white-224/1460.jpg,三つ追い重ね柏,
data/mon-white-224/3511.jpg,尻合わせ三つ葵,
data/mon-white-224/08507.jpg,反り撫で角,
data/mon-white-224/08513.jpg,むくみ角,
data/mon-white-224/1312.jpg,二つ結綿,
data/mon-white-224/43704.jpg,下がり藤,
data/mon-white-224/3263.jpg,下がり藤,
data/mon-white-224/3288.jpg,石持ち地抜き安藤藤,
data/mon-white-224/11917.jpg,浮線亀,
data/mon-white-224/30701.jpg,五段梯子,
data/mon-white-224/0781.jpg,鳥居,
data/mon-white-224/4281.jpg,初雪,
data/mon-white-224/2828.jpg,十字久留子,
data/mon-white-224/26605.jpg,三つ割打板,
data/mon-white-224/36402.jpg,中陰櫛松,
data/mon-white-224/26611.jpg,変り釣り打板,
data/mon-white-224/29522.jpg,七つ対い浪,
data/mon-white-224/24006.jpg,細輪陰違い鷹の羽,
data/mon-white-224/0795.jpg,右一つ丁子巴,
data/mon-white-224/2182.jpg,高木鷹の羽,
data/mon-white-224/2814.jpg,石持ち地抜き梔子,
data/mon-white-224/35123.jpg,一文字三つ星,
data/mon-white-224/09816.jpg,抱き柏,
data/mon-white-224/0971.jpg,揚羽蝶,
data/mon-white-224/90010.jpg,板屋貝,
data/mon-white-224/2431.jpg,蔦,
data/mon-white-224/06714.jpg,陰抱き沢瀉,
data/mon-white-224/27902.jpg,永井鉄線,
data/mon-white-224/4726.jpg,木瓜菱,
data/mon-white-224/2357.jpg,対い白鶴,
data/mon-white-224/0540.jpg,銀星,
data/mon-white-224/0554.jpg,石持ち地抜き真向帆,
data/mon-white-224/4732.jpg,盃庵木瓜,
data/mon-white-224/27916.jpg,三つ鉄線,
data/mon-white-224/05209.jpg,並び重ね扇,
data/mon-white-224/06728.jpg,変り向う花沢瀉,
data/mon-white-224/3713.jpg,股付き根笹,
data/mon-white-224/1662.jpg,二枚葉蔓梶の葉,
data/mon-white-224/01721.jpg,結び井桁菱,
data/mon-white-224/01735.jpg,井桁,
data/mon-white-224/3061.jpg,一つ松,
data/mon-white-224/1676.jpg,離れ唐花,
data/mon-white-224/0568.jpg,尻合わせ三つ帆,
data/mon-white-224/2419.jpg,違い角,
data/mon-white-224/4068.jpg,二葉乱れ菊,
data/mon-white-224/26407.jpg,左三つ丁子巴,
data/mon-white-224/4083.jpg,菊蝶,
data/mon-white-224/3934.jpg,変り中陰裏桔梗飛び蝶,
data/mon-white-224/27719.jpg,鶴丸,
data/mon-white-224/24210.jpg,宝結び,
data/mon-white-224/0583.jpg,中陰落ち牡丹,
data/mon-white-224/1851.jpg,玉垣,
data/mon-white-224/24204.jpg,三つ寄せ一つ結び,
data/mon-white-224/4097.jpg,三つ寄せ一つ結び,
data/mon-white-224/3920.jpg,枝桔梗,
data/mon-white-224/3908.jpg,杏葉桔梗,
data/mon-white-224/38605.jpg,繋ぎ五つ目,
data/mon-white-224/27725.jpg,三羽鶴,
data/mon-white-224/27731.jpg,鶴の丸,
data/mon-white-224/0352.jpg,三須賀花角,
data/mon-white-224/4134.jpg,踊り桐,
data/mon-white-224/2545.jpg,三つ追い南天,
data/mon-white-224/3883.jpg,横見桔梗,
data/mon-white-224/0420.jpg,朽木鳩,
data/mon-white-224/2237.jpg,橘,
data/mon-white-224/4120.jpg,陰上田桐,
data/mon-white-224/3897.jpg,三つ葉桔梗,
data/mon-white-224/1058.jpg,葉陰竜胆車,
data/mon-white-224/90170.jpg,隅切り込み鉄砲角,
data/mon-white-224/4108.jpg,五七桐,
data/mon-white-224/3667.jpg,浮線綾山桜に平四つ目,
data/mon-white-224/1070.jpg,入れ違い雨竜,
data/mon-white-224/44309.jpg,抱き柏,
data/mon-white-224/0408.jpg,並び羽箒,
data/mon-white-224/1716.jpg,唐花胡蝶,
data/mon-white-224/3101.jpg,抱き若松,
data/mon-white-224/08103.jpg,変わり立ち杜若,
data/mon-white-224/05427.jpg,七本骨雁木扇,
data/mon-white-224/1064.jpg,蟹竜胆,
data/mon-white-224/3673.jpg,中陰桜飛び蝶,
data/mon-white-224/3698.jpg,石持ち地抜き九枚笹,
data/mon-white-224/4691.jpg,割り楓,
data/mon-white-224/70053.jpg,源氏香の手習,
data/mon-white-224/26201.jpg,三つ蝶花形,
data/mon-white-224/70047.jpg,源氏香の総角,
data/mon-white-224/1925.jpg,奴形雁金,
data/mon-white-224/25708.jpg,茶の実枝丸,
data/mon-white-224/3854.jpg,桔梗,
data/mon-white-224/38017.jpg,三つ花茗荷,
data/mon-white-224/4875.jpg,脹ら雀,
data/mon-white-224/1919.jpg,陰雁金,
data/mon-white-224/38003.jpg,一つ茗荷の丸,
data/mon-white-224/4861.jpg,割り杉菱,
data/mon-white-224/3868.jpg,中陰八重桔梗,
data/mon-white-224/1528.jpg,丸に剣片喰,
data/mon-white-224/0636.jpg,蟹牡丹,
data/mon-white-224/4450.jpg,蛇の目九曜,
data/mon-white-224/2021.jpg,五つ鐶,
data/mon-white-224/3459.jpg,剣三つ葵,
data/mon-white-224/4336.jpg,鍋島花杏葉,
data/mon-white-224/12417.jpg,金輪雁金,
data/mon-white-224/0144.jpg,井桁桐,
data/mon-white-224/12403.jpg,陰尻合わせ三つ雁金,
data/mon-white-224/2753.jpg,馬,
data/mon-white-224/4444.jpg,三つ剣蛇の目,
data/mon-white-224/35902.jpg,寓生枝丸,
data/mon-white-224/0622.jpg,抱き葉牡丹,
data/mon-white-224/07026.jpg,五瓜,
data/mon-white-224/1514.jpg,隅切り地抜き片喰,
data/mon-white-224/3465.jpg,三つ割り花河骨,
data/mon-white-224/3471.jpg,烏帽子,
data/mon-white-224/1500.jpg,実付き柏枝丸,
data/mon-white-224/3317.jpg,右追い藤,
data/mon-white-224/2009.jpg,鐶木瓜,
data/mon-white-224/08301.jpg,違い角,
data/mon-white-224/36204.jpg,紐結び二つ鎌,
data/mon-white-224/4493.jpg,品の字丸,
data/mon-white-224/24600.jpg,中陰橘桐,
data/mon-white-224/41932.jpg,梅輪,
data/mon-white-224/2948.jpg,三つ割り山の字,
data/mon-white-224/0187.jpg,角立て稲妻菱,
data/mon-white-224/0839.jpg,蔓四つ丁子菱,
data/mon-white-224/26003.jpg,池田三つ蝶,
data/mon-white-224/2960.jpg,山吹枝丸,
data/mon-white-224/2974.jpg,三つ重ね並び矢筈,
data/mon-white-224/38201.jpg,茗荷桐,
data/mon-white-224/0805.jpg,組合わせ二つ丁子,
data/mon-white-224/24629.jpg,利休橘,
data/mon-white-224/38200.jpg,一つ花茗荷,
data/mon-white-224/2961.jpg,矢筈,
data/mon-white-224/2949.jpg,変リ光琳三ツ山ノ字,
data/mon-white-224/26002.jpg,揚羽蝶,
data/mon-white-224/0838.jpg,花形四つ丁子,
data/mon-white-224/24601.jpg,三つ組み橘,
data/mon-white-224/26016.jpg,中陰揚羽蝶,
data/mon-white-224/4492.jpg,巴の字丸,
data/mon-white-224/36205.jpg,五つ鉞,
data/mon-white-224/0179.jpg,繋ぎ九つ石,
data/mon-white-224/08300.jpg,違い角,
data/mon-white-224/3316.jpg,二つ藤,
data/mon-white-224/1501.jpg,片喰,
data/mon-white-224/3302.jpg,軸付き下り蔓藤に花菱,
data/mon-white-224/3464.jpg,三つ割り蔓河骨,
data/mon-white-224/2752.jpg,花兎,
data/mon-white-224/12402.jpg,陰結び雁金,
data/mon-white-224/0145.jpg,三角井桁,
data/mon-white-224/0623.jpg,牡丹枝丸,
data/mon-white-224/35903.jpg,熊谷抱寓生,
data/mon-white-224/4445.jpg,四つ蛇の目,
data/mon-white-224/4451.jpg,五つ剣蛇の目,
data/mon-white-224/0637.jpg,変り蟹牡丹,
data/mon-white-224/1529.jpg,中陰剣片喰,
data/mon-white-224/12416.jpg,金輪雁金,
data/mon-white-224/4337.jpg,立茗荷,
data/mon-white-224/3458.jpg,蔓三つ葵,
data/mon-white-224/4860.jpg,五本杉,
data/mon-white-224/1918.jpg,雁金,
data/mon-white-224/3869.jpg,八重裏桔梗,
data/mon-white-224/4874.jpg,六角形三羽雀,
data/mon-white-224/25709.jpg,茶の実鶴,
data/mon-white-224/70046.jpg,源氏香の椎本,
data/mon-white-224/26200.jpg,結び蝶花形,
data/mon-white-224/3855.jpg,太田桔梗,
data/mon-white-224/22700.jpg,三つ追い芒,
data/mon-white-224/0384.jpg,蝶花菱,
data/mon-white-224/3699.jpg,亀甲九枚笹,
data/mon-white-224/4848.jpg,並ビ杉,
data/mon-white-224/4690.jpg,抱枝楓,
data/mon-white-224/70052.jpg,源氏香の蜻蛉,
data/mon-white-224/1703.jpg,浮線綾唐花,
data/mon-white-224/3114.jpg,変わり若松笠,
data/mon-white-224/08102.jpg,変り杜若の花,
data/mon-white-224/3672.jpg,桜飛び蝶,
data/mon-white-224/1065.jpg,笹竜胆菱,
data/mon-white-224/22927.jpg,三つ持ち合い洲浜,
data/mon-white-224/22933.jpg,秋津洲浜,
data/mon-white-224/1071.jpg,竜剣の丸,
data/mon-white-224/3666.jpg,浮線綾山桜,
data/mon-white-224/4109.jpg,五七鬼桐,
data/mon-white-224/1717.jpg,唐花桐,
data/mon-white-224/0409.jpg,違い羽箒,
data/mon-white-224/4647.jpg,武田菱,
data/mon-white-224/3128.jpg,三つ折れ松葉,
data/mon-white-224/2236.jpg,陰橘,
data/mon-white-224/1059.jpg,久我竜胆,
data/mon-white-224/3896.jpg,三つ葉桔梗,
data/mon-white-224/4121.jpg,五三桐,
data/mon-white-224/00210.jpg,剣三つ葵,
data/mon-white-224/3882.jpg,八重花桔梗,
data/mon-white-224/10003.jpg,違い柏,
data/mon-white-224/2544.jpg,三つ割り南天,
data/mon-white-224/4135.jpg,陰踊り桐,
data/mon-white-224/0353.jpg,変り剣花角,
data/mon-white-224/4653.jpg,五つ重ね菱,
data/mon-white-224/2222.jpg,剣三つ折れ鷹の羽,
data/mon-white-224/38610.jpg,剣四つ目,
data/mon-white-224/27724.jpg,三つ鱗鶴,
data/mon-white-224/3909.jpg,変り杏葉桔梗,
data/mon-white-224/38604.jpg,繋ぎ九つ目,
data/mon-white-224/0596.jpg,杏葉牡丹,
data/mon-white-224/2381.jpg,半月,
data/mon-white-224/3921.jpg,生花桔梗,
data/mon-white-224/36601.jpg,松竹梅,
data/mon-white-224/24205.jpg,三つ寄せ角宝結び,
data/mon-white-224/24211.jpg,宝結び蝶,
data/mon-white-224/27718.jpg,降り光琳鶴の丸,
data/mon-white-224/3935.jpg,中陰裏桔梗飛び蝶,
data/mon-white-224/36615.jpg,頭合せ三つ松,
data/mon-white-224/4082.jpg,菊桐菱比翼,
data/mon-white-224/2395.jpg,大関朧月,
data/mon-white-224/0582.jpg,落ち牡丹,
data/mon-white-224/0569.jpg,陰三つ帆の丸,
data/mon-white-224/1677.jpg,鬼唐花,
data/mon-white-224/01734.jpg,上下組み合い井桁,
data/mon-white-224/4069.jpg,二葉乱れ菊,
data/mon-white-224/3706.jpg,変り五枚笹,
data/mon-white-224/2418.jpg,違い抱き角,
data/mon-white-224/90039.jpg,十四菊,
data/mon-white-224/1105.jpg,五本骨扇,
data/mon-white-224/06729.jpg,三つ寄せ沢瀉,
data/mon-white-224/3712.jpg,変わり根笹,
data/mon-white-224/36832.jpg,松葉井筒,
data/mon-white-224/00416.jpg,本田束ね葵,
data/mon-white-224/10605.jpg,中陰片喰,
data/mon-white-224/2342.jpg,陰鶴の丸,
data/mon-white-224/05208.jpg,陰扇揚羽,
data/mon-white-224/0233.jpg,縄付き錨,
data/mon-white-224/27917.jpg,三つ葉鉄線,
data/mon-white-224/06701.jpg,沢瀉桔梗,
data/mon-white-224/2424.jpg,変り抱き角,
data/mon-white-224/27903.jpg,花鉄線,
data/mon-white-224/06715.jpg,中津沢瀉,
data/mon-white-224/90011.jpg,愛の字,
data/mon-white-224/1887.jpg,一つ鎌,
data/mon-white-224/4727.jpg,中津木瓜,
data/mon-white-224/2815.jpg,三つ割り梔子,
data/mon-white-224/29523.jpg,小栗波,
data/mon-white-224/4294.jpg,雪輪菱,
data/mon-white-224/36403.jpg,陰左三階松,
data/mon-white-224/2183.jpg,白川鷹の羽,
data/mon-white-224/0794.jpg,左一つ丁子巴,
data/mon-white-224/0780.jpg,亀甲形巴の字,
data/mon-white-224/30700.jpg,九段梯子,
data/mon-white-224/11916.jpg,二つ追い亀の丸,
data/mon-white-224/3289.jpg,遠山藤,
data/mon-white-224/26604.jpg,三つ割り重ね打板,
data/mon-white-224/4280.jpg,吹雪,
data/mon-white-224/1313.jpg,三ツ割リ結綿,
data/mon-white-224/08512.jpg,変わり組み合わせ角,
data/mon-white-224/43705.jpg,陰花菱,
data/mon-white-224/1461.jpg,三つ追い折れ柏,
data/mon-white-224/3276.jpg,西六条藤,
data/mon-white-224/08506.jpg,反り八角,
data/mon-white-224/0019.jpg,頭合わせ三つ銀杏,
data/mon-white-224/1307.jpg,結綿,
data/mon-white-224/2626.jpg,三つ鱗,
data/mon-white-224/06503.jpg,一つ沢瀉の丸,
data/mon-white-224/4257.jpg,三つ毘沙門亀甲,
data/mon-white-224/0031.jpg,三ツ立チ軸違イ銀杏,
data/mon-white-224/0757.jpg,巴梅鉢,
data/mon-white-224/00600.jpg,赤鳥,
data/mon-white-224/0743.jpg,右四つ巴,
data/mon-white-224/80000.jpg,黒餅,
data/mon-white-224/0025.jpg,二ツ違イ銀杏,
data/mon-white-224/06517.jpg,丸に沢瀉,
data/mon-white-224/3514.jpg,花付き三つ葵,
data/mon-white-224/3272.jpg,西本願寺,
data/mon-white-224/43715.jpg,三頭右巴,
data/mon-white-224/1465.jpg,軸違い三つ柏巴,
data/mon-white-224/43701.jpg,左稲の丸,
data/mon-white-224/2178.jpg,石持地抜違い鷹の羽,
data/mon-white-224/4509.jpg,新田一つ引き,
data/mon-white-224/3266.jpg,下がり藤,
data/mon-white-224/14117.jpg,葉菊菱,
data/mon-white-224/0747.jpg,抱き浪巴,
data/mon-white-224/1459.jpg,三つ追い柏,
data/mon-white-224/2150.jpg,捻じ四つ目,
data/mon-white-224/11709.jpg,入れ違い鎌,
data/mon-white-224/2144.jpg,変り五つ目,
data/mon-white-224/0753.jpg,三つ盛り左一つ巴,
data/mon-white-224/0035.jpg,三つ銀杏菱,
data/mon-white-224/06507.jpg,陰三つ追い葉沢瀉,
data/mon-white-224/4253.jpg,三つ盛り鉄砲亀甲,
data/mon-white-224/2622.jpg,三つ唐団扇,
data/mon-white-224/09807.jpg,九枚柏,
data/mon-white-224/00823.jpg,麻の葉桐,
data/mon-white-224/0974.jpg,鎧蝶菱,
data/mon-white-224/09813.jpg,五徳柏,
data/mon-white-224/2805.jpg,鍬形菱,
data/mon-white-224/24017.jpg,石持ち地抜き八つ鷹の羽車,
data/mon-white-224/26600.jpg,陰提盤,
data/mon-white-224/4284.jpg,石持ち地抜き春風雪,
data/mon-white-224/2187.jpg,陰陽細違い鷹の羽,
data/mon-white-224/26614.jpg,打板,
data/mon-white-224/4290.jpg,山谷雪,
data/mon-white-224/2839.jpg,七本源氏車,
data/mon-white-224/24003.jpg,五本鷹の羽,
data/mon-white-224/01724.jpg,三つ井桁,
data/mon-white-224/08700.jpg,石,
data/mon-white-224/3716.jpg,陰陽雪持ち根笹,
data/mon-white-224/1101.jpg,五本骨扇,
data/mon-white-224/1115.jpg,日の丸雁木扇,
data/mon-white-224/3702.jpg,五枚笹,
data/mon-white-224/4723.jpg,剣木瓜,
data/mon-white-224/12002.jpg,熊野三羽烏,
data/mon-white-224/0545.jpg,四つ帆の丸,
data/mon-white-224/0223.jpg,稲妻車,
data/mon-white-224/2434.jpg,蔦,
data/mon-white-224/06711.jpg,沢瀉蝶,
data/mon-white-224/09422.jpg,割り鬼梶の葉,
data/mon-white-224/27913.jpg,光琳鉄線,
data/mon-white-224/06705.jpg,七宝沢瀉,
data/mon-white-224/1129.jpg,重ね日の丸扇,
data/mon-white-224/00412.jpg,浮線葵,
data/mon-white-224/27720.jpg,三つ折り鶴,
data/mon-white-224/38600.jpg,隅折れ四つ目,
data/mon-white-224/27734.jpg,対い白鶴,
data/mon-white-224/3919.jpg,抱枝葉桔梗,
data/mon-white-224/0586.jpg,向こう牡丹,
data/mon-white-224/4086.jpg,変り枝菊,
data/mon-white-224/3931.jpg,桔梗蝶,
data/mon-white-224/24201.jpg,角宝結び,
data/mon-white-224/36605.jpg,雪持ち地抜き左寄り三階松,
data/mon-white-224/26416.jpg,三つ丁子,
data/mon-white-224/27708.jpg,六角光琳鶴,
data/mon-white-224/3925.jpg,頭わせ三つ桔梗,
data/mon-white-224/0592.jpg,大割の裏牡丹,
data/mon-white-224/1713.jpg,唐花飛び蝶,
data/mon-white-224/1075.jpg,松皮雨龍,
data/mon-white-224/1061.jpg,竜胆花蝶,
data/mon-white-224/3676.jpg,葉付き横見桜,
data/mon-white-224/4119.jpg,福井桐,
data/mon-white-224/07235.jpg,三つ瓜三つ唐花,
data/mon-white-224/3110.jpg,唐松菱,
data/mon-white-224/05422.jpg,重ね合せ三つ雁木扇,
data/mon-white-224/0419.jpg,小島向かい鳩,
data/mon-white-224/1707.jpg,三つ横見唐花,
data/mon-white-224/4657.jpg,五つ松皮菱,
data/mon-white-224/3138.jpg,松葉桔梗,
data/mon-white-224/14507.jpg,三つ組合一重亀甲,
data/mon-white-224/1049.jpg,三つ葉折れ竜胆,
data/mon-white-224/90161.jpg,妙心寺八つ藤,
data/mon-white-224/4131.jpg,入れ違い割り桐菱,
data/mon-white-224/2540.jpg,三つ盛り梨の花,
data/mon-white-224/10007.jpg,折れ枝柏,
data/mon-white-224/4125.jpg,変り芋桐,
data/mon-white-224/3892.jpg,三つ割り桔梗,
data/mon-white-224/12604.jpg,雁金菱,
data/mon-white-224/0425.jpg,雪持ち地抜きの羽根,
data/mon-white-224/25916.jpg,石持ち地抜き変り浮線蝶,
data/mon-white-224/4643.jpg,武田菱,
data/mon-white-224/4870.jpg,上下対い雀,
data/mon-white-224/1908.jpg,鬼兜,
data/mon-white-224/3879.jpg,剣桔梗,
data/mon-white-224/38006.jpg,花茗荷の丸,
data/mon-white-224/24407.jpg,陰向こう橘,
data/mon-white-224/1934.jpg,対い嘴合い雁金,
data/mon-white-224/3845.jpg,違い杵,
data/mon-white-224/22704.jpg,薄の丸,
data/mon-white-224/0380.jpg,浮線綾変わり花菱,
data/mon-white-224/3851.jpg,桔梗,
data/mon-white-224/4680.jpg,割り桃,
data/mon-white-224/70042.jpg,源氏香の匂宮,
data/mon-white-224/26204.jpg,変り蝶花形,
data/mon-white-224/4858.jpg,頭合わせ三つ割杉,
data/mon-white-224/1920.jpg,剣尻雁金,
data/mon-white-224/1277.jpg,沢瀉車,
data/mon-white-224/2018.jpg,尖り鐶菱,
data/mon-white-224/08310.jpg,雁木角,
data/mon-white-224/1511.jpg,光琳片喰,
data/mon-white-224/3312.jpg,軸付き一つ藤巴,
data/mon-white-224/08304.jpg,陰隅切角,
data/mon-white-224/3474.jpg,武家烏帽子,
data/mon-white-224/1263.jpg,三つ寄せ変り沢瀉,
data/mon-white-224/2742.jpg,八重梅輪,
data/mon-white-224/01308.jpg,抱き粟,
data/mon-white-224/4333.jpg,抱き花杏葉,
data/mon-white-224/0155.jpg,上下組み合い井桁,
data/mon-white-224/05608.jpg,立花扇,
data/mon-white-224/0633.jpg,利休牡丹,
data/mon-white-224/4441.jpg,比翼蛇の目,
data/mon-white-224/2030.jpg,鐶桜,
data/mon-white-224/35907.jpg,八つ割り寓生,
data/mon-white-224/0627.jpg,花覗き牡丹の丸,
data/mon-white-224/23803.jpg,大根の丸,
data/mon-white-224/3448.jpg,真向い五徳,
data/mon-white-224/2965.jpg,折れ矢筈,
data/mon-white-224/0814.jpg,陰違い丁子,
data/mon-white-224/38204.jpg,茗荷枝丸,
data/mon-white-224/0800.jpg,二股丁子の丸,
data/mon-white-224/2971.jpg,入れ違い矢筈,
data/mon-white-224/0196.jpg,稲妻三つ巴,
data/mon-white-224/2959.jpg,下村山吹,
data/mon-white-224/26012.jpg,中陰光琳蝶,
data/mon-white-224/4496.jpg,林の丸字,
data/mon-white-224/0828.jpg,三つ重ね丁字,
data/mon-white-224/24611.jpg,変り浮線橘,
data/mon-white-224/26006.jpg,池田対い蝶,
data/mon-white-224/41923.jpg,蛇の目,
data/mon-white-224/22506.jpg,四ツ組違イ木,
data/mon-white-224/36214.jpg,鉞菱,
data/mon-white-224/26007.jpg,備前蝶,
data/mon-white-224/22507.jpg,組違い木,
data/mon-white-224/0183.jpg,隅立て稲妻,
data/mon-white-224/2958.jpg,大丸山吹,
data/mon-white-224/0197.jpg,五角稲妻,
data/mon-white-224/0829.jpg,花形三つ丁子,
data/mon-white-224/24604.jpg,頭合せ三つ橘,
data/mon-white-224/36200.jpg,違い鉞,
data/mon-white-224/4497.jpg,戸沢大和守,
data/mon-white-224/0801.jpg,一つ鬼丁子巴,
data/mon-white-224/0815.jpg,違い丁子,
data/mon-white-224/0626.jpg,乱れ葉敷き牡丹,
data/mon-white-224/35906.jpg,十六割り寓生,
data/mon-white-224/3449.jpg,五徳菱,
data/mon-white-224/0140.jpg,三つ盛り井桁,
data/mon-white-224/23802.jpg,真向き大根,
data/mon-white-224/4332.jpg,五葉抱き茗,
data/mon-white-224/2743.jpg,五ツ結ビ釜敷キ,
data/mon-white-224/05609.jpg,鱗形三つ扇,
data/mon-white-224/0632.jpg,変わり枝牡丹,
data/mon-white-224/08305.jpg,たかもりの生抜,
data/mon-white-224/3313.jpg,左一つ巴藤,
data/mon-white-224/1504.jpg,捻ジ片喰,
data/mon-white-224/1262.jpg,浮線沢瀉,
data/mon-white-224/3475.jpg,三位烏帽子,
data/mon-white-224/3461.jpg,四つ蔓河骨,
data/mon-white-224/1276.jpg,六つ蔓沢瀉,
data/mon-white-224/0168.jpg,陰四つ石,
data/mon-white-224/1510.jpg,石持ち地抜き片喰,
data/mon-white-224/3850.jpg,太蔭桔梗,
data/mon-white-224/1921.jpg,結び雁金,
data/mon-white-224/4859.jpg,陰対い張ら雀菱,
data/mon-white-224/70043.jpg,源氏香の紅梅,
data/mon-white-224/4695.jpg,三つ割り楓,
data/mon-white-224/1935.jpg,菱形対い雁金,
data/mon-white-224/2582.jpg,三つ割り蘭,
data/mon-white-224/1909.jpg,変り鳥兜,
data/mon-white-224/4871.jpg,三つ寄せ雀,
data/mon-white-224/3878.jpg,州浜桔梗,
data/mon-white-224/12605.jpg,変わり三つ雁金,
data/mon-white-224/90174.jpg,毘の文字,
data/mon-white-224/3893.jpg,中陰三つ割り八重桔梗,
data/mon-white-224/4124.jpg,芋桐,
data/mon-white-224/4642.jpg,鉄砲松皮菱,
data/mon-white-224/25917.jpg,揚羽蝶,
data/mon-white-224/0424.jpg,羽根,
data/mon-white-224/25903.jpg,三つ飛び蝶,
data/mon-white-224/0430.jpg,羽根桐,
data/mon-white-224/4656.jpg,四つ松皮菱,
data/mon-white-224/10006.jpg,折れ枝柏,
data/mon-white-224/2541.jpg,三つ葉南天,
data/mon-white-224/00215.jpg,五つ裏葵,
data/mon-white-224/4130.jpg,糸中陰向い桐菱,
data/mon-white-224/1048.jpg,違い竜胆,
data/mon-white-224/4118.jpg,嵯峨桐,
data/mon-white-224/3677.jpg,三つ横見桜,
data/mon-white-224/1060.jpg,変り竜胆蝶,
data/mon-white-224/1706.jpg,二つ割り唐花菱,
data/mon-white-224/44319.jpg,空也堂,
data/mon-white-224/3111.jpg,三つ唐松菱,
data/mon-white-224/3105.jpg,松竹梅,
data/mon-white-224/1712.jpg,唐花蝶,
data/mon-white-224/1074.jpg,雨龍菱,
data/mon-white-224/3924.jpg,三つ盛り桔梗,
data/mon-white-224/27709.jpg,光琳細鶴菱,
data/mon-white-224/36604.jpg,雪持ち三つ松,
data/mon-white-224/24200.jpg,華蔓宝結び,
data/mon-white-224/0593.jpg,中陰重ね裏牡丹,
data/mon-white-224/2390.jpg,三つ寄せ月星,
data/mon-white-224/0587.jpg,変り向う牡丹,
data/mon-white-224/1841.jpg,一つ蕪,
data/mon-white-224/3930.jpg,陰裏桔梗胡蝶,
data/mon-white-224/4087.jpg,枝菊,
data/mon-white-224/36610.jpg,中陰左三階松,
data/mon-white-224/3918.jpg,違い枝桔梗,
data/mon-white-224/38615.jpg,三つ目菱,
data/mon-white-224/27735.jpg,上下光琳対い鶴菱,
data/mon-white-224/27721.jpg,三つ光琳鶴,
data/mon-white-224/06704.jpg,沢瀉胡蝶,
data/mon-white-224/27912.jpg,五曜鉄線,
data/mon-white-224/2421.jpg,割り角,
data/mon-white-224/00413.jpg,変わり浮線葵,
data/mon-white-224/0550.jpg,抱き帆,
data/mon-white-224/0544.jpg,変り三つ帆の丸,
data/mon-white-224/00407.jpg,葵の丸,
data/mon-white-224/4722.jpg,木瓜形,
data/mon-white-224/09423.jpg,割り鬼梶,
data/mon-white-224/06710.jpg,沢瀉菱,
data/mon-white-224/2435.jpg,蔦,
data/mon-white-224/90014.jpg,筏,
data/mon-white-224/0222.jpg,四つ寄せ稲妻菱,
data/mon-white-224/3703.jpg,変り五枚笹,
data/mon-white-224/1672.jpg,中陰唐花,
data/mon-white-224/01725.jpg,三つ持合組井桁,
data/mon-white-224/3717.jpg,雪持ち根笹,
data/mon-white-224/4078.jpg,違い割り菊の葉,
data/mon-white-224/2409.jpg,八つ槌車,
data/mon-white-224/2186.jpg,陰陽違い鷹の羽,
data/mon-white-224/3298.jpg,加藤藤,
data/mon-white-224/2838.jpg,源氏車,
data/mon-white-224/07803.jpg,裏柿の花,
data/mon-white-224/4291.jpg,山雪,
data/mon-white-224/29526.jpg,石持ち地抜き青海浪,
data/mon-white-224/4285.jpg,花形雪,
data/mon-white-224/29532.jpg,竹生島波,
data/mon-white-224/26601.jpg,割り打板,
data/mon-white-224/24016.jpg,石持ち地抜き違い鷹の羽,
data/mon-white-224/11913.jpg,中陰篷来亀,
data/mon-white-224/0975.jpg,備前蝶菱,
data/mon-white-224/2804.jpg,二つ違い鍬形,
data/mon-white-224/09812.jpg,捻じ蔦,
data/mon-white-224/2810.jpg,五つ鍬形崩し,
data/mon-white-224/09806.jpg,久志本柏,
data/mon-white-224/00822.jpg,麻の葉桔梗,
data/mon-white-224/0961.jpg,飛び蝶,
data/mon-white-224/10402.jpg,丸桛,
data/mon-white-224/2623.jpg,久留島唐団扇,
data/mon-white-224/06506.jpg,三つ追い陰沢瀉,
data/mon-white-224/0034.jpg,二つ銀杏菱,
data/mon-white-224/90202.jpg,菊法螺,
data/mon-white-224/0020.jpg,銀杏揚羽蝶,
data/mon-white-224/2151.jpg,陰捻じ四つ目,
data/mon-white-224/1458.jpg,細輪三枚重ね柏,
data/mon-white-224/0746.jpg,片喰巴,
data/mon-white-224/43728.jpg,木瓜,
data/mon-white-224/3267.jpg,花藤,
data/mon-white-224/43700.jpg,三つ巴,
data/mon-white-224/0008.jpg,浮線銀杏,
data/mon-white-224/1464.jpg,鬼柏巴,
data/mon-white-224/43714.jpg,三頭右巴,
data/mon-white-224/3273.jpg,西六条藤,
data/mon-white-224/1314.jpg,三つ寄せ結綿,
data/mon-white-224/43702.jpg,五七桐,
data/mon-white-224/3265.jpg,下がり藤,
data/mon-white-224/3271.jpg,佛光寺藤,
data/mon-white-224/0778.jpg,持ち合い巴の字丸,
data/mon-white-224/43716.jpg,橘,
data/mon-white-224/42408.jpg,蕨角,
data/mon-white-224/3517.jpg,蔓三つ葵,
data/mon-white-224/4278.jpg,雪,
data/mon-white-224/08501.jpg,内隅入り平角,
data/mon-white-224/2609.jpg,内藤団扇,
data/mon-white-224/0036.jpg,銀杏枝菱,
data/mon-white-224/06504.jpg,一つ沢瀉菱,
data/mon-white-224/2621.jpg,三つ割り房付き唐団扇,
data/mon-white-224/10400.jpg,桛,
data/mon-white-224/3259.jpg,分銅梅鉢,
data/mon-white-224/0750.jpg,違い蔓巴,
data/mon-white-224/0744.jpg,右五つ巴,
data/mon-white-224/2153.jpg,四つ目車,
data/mon-white-224/4522.jpg,丸の三つ引き,
data/mon-white-224/06510.jpg,陰抱き沢瀉,
data/mon-white-224/2635.jpg,三つ組み合せ鱗,
data/mon-white-224/29518.jpg,三つ割り浪,
data/mon-white-224/2806.jpg,三つ鍬形,
data/mon-white-224/0977.jpg,上下対い蝶菱,
data/mon-white-224/09804.jpg,鬼三つ柏,
data/mon-white-224/35125.jpg,八曜,
data/mon-white-224/29524.jpg,松田浪,
data/mon-white-224/26617.jpg,三つ割り打板,
data/mon-white-224/07801.jpg,柿の花,
data/mon-white-224/36404.jpg,右寄り三階松,
data/mon-white-224/23009.jpg,三つ盛り変り洲浜,
data/mon-white-224/0793.jpg,石持ち地抜き一つ丁子,
data/mon-white-224/00808.jpg,向う真麻,
data/mon-white-224/2184.jpg,柳井鷹の羽,
data/mon-white-224/11905.jpg,向こう亀の丸,
data/mon-white-224/11911.jpg,真向い亀,
data/mon-white-224/1499.jpg,変り柏三つ枝丸,
data/mon-white-224/35119.jpg,陰三つ星,
data/mon-white-224/4287.jpg,氷柱雪,
data/mon-white-224/01733.jpg,重ね井桁,
data/mon-white-224/4708.jpg,木瓜,
data/mon-white-224/0208.jpg,三つ鱗型稲妻,
data/mon-white-224/3701.jpg,三枚笹,
data/mon-white-224/09409.jpg,梶の葉桐,
data/mon-white-224/1102.jpg,中陰五本骨扇,
data/mon-white-224/01727.jpg,三角井桁,
data/mon-white-224/0552.jpg,浮線帆,
data/mon-white-224/00411.jpg,二ツ蔓葵ノ丸,
data/mon-white-224/2423.jpg,大割り角,
data/mon-white-224/27910.jpg,菊座花鉄線,
data/mon-white-224/0234.jpg,三つ縄付き錨,
data/mon-white-224/0220.jpg,立ち合い稲妻菱,
data/mon-white-224/90016.jpg,梶葉船,
data/mon-white-224/2437.jpg,石持ち地抜き大割り蔦,
data/mon-white-224/27904.jpg,花鉄線,
data/mon-white-224/06712.jpg,沢瀉蝶,
data/mon-white-224/3729.jpg,向かい十枚笹,
data/mon-white-224/4720.jpg,鐶木瓜,
data/mon-white-224/00405.jpg,浮線葵,
data/mon-white-224/0546.jpg,五つ帆の丸,
data/mon-white-224/38617.jpg,四つ目結崩し,
data/mon-white-224/27723.jpg,三つ飛び鶴,
data/mon-white-224/38603.jpg,繋ぎ九つ目,
data/mon-white-224/2386.jpg,右向き陰日向月星,
data/mon-white-224/4091.jpg,野菊の丸,
data/mon-white-224/26415.jpg,三つ丁子,
data/mon-white-224/3926.jpg,尻合せ三つ桔梗,
data/mon-white-224/4085.jpg,枝菊,
data/mon-white-224/26401.jpg,剣三つ丁子,
data/mon-white-224/3932.jpg,桔梗飛び蝶,
data/mon-white-224/0585.jpg,三つ落ち牡丹,
data/mon-white-224/08105.jpg,抱き杜若,
data/mon-white-224/3113.jpg,若松毬,
data/mon-white-224/05421.jpg,十本骨扇,
data/mon-white-224/1704.jpg,横見唐花,
data/mon-white-224/1062.jpg,枝竜胆,
data/mon-white-224/3675.jpg,桜胡蝶,
data/mon-white-224/0368.jpg,三つ割り六角花菱,
data/mon-white-224/05435.jpg,扇胡蝶,
data/mon-white-224/1710.jpg,唐花枝丸,
data/mon-white-224/4668.jpg,変り幸い菱,
data/mon-white-224/3107.jpg,三つ変わり若松,
data/mon-white-224/0426.jpg,三つ羽根,
data/mon-white-224/25915.jpg,真向き揚羽蝶,
data/mon-white-224/2231.jpg,橘,
data/mon-white-224/3891.jpg,三ツ割リ反リ桔梗,
data/mon-white-224/10010.jpg,一つ折れ柏,
data/mon-white-224/2557.jpg,三つ割り浪,
data/mon-white-224/0340.jpg,花菱巴,
data/mon-white-224/90162.jpg,小串雁金,
data/mon-white-224/0354.jpg,花角崩し,
data/mon-white-224/4132.jpg,桐枝菱,
data/mon-white-224/00217.jpg,紀州六つ葵,
data/mon-white-224/3885.jpg,四つ桔梗菱,
data/mon-white-224/2543.jpg,南天車,
data/mon-white-224/05409.jpg,三本組み扇,
data/mon-white-224/4867.jpg,立ち神楽鈴,
data/mon-white-224/4873.jpg,三羽追い雀,
data/mon-white-224/70041.jpg,源氏香の幻,
data/mon-white-224/4683.jpg,石持ち地抜き楓,
data/mon-white-224/24410.jpg,花橘,
data/mon-white-224/1923.jpg,結び雁金,
data/mon-white-224/0383.jpg,横見花菱,
data/mon-white-224/3846.jpg,桔梗,
data/mon-white-224/1089.jpg,変わり立鼓,
data/mon-white-224/24404.jpg,陰橘,
data/mon-white-224/4697.jpg,龍田楓,
data/mon-white-224/4318.jpg,抱き茗荷,
data/mon-white-224/1506.jpg,中陰片喰,
data/mon-white-224/0618.jpg,六つ葉抱き牡丹,
data/mon-white-224/3311.jpg,右回り片手藤,
data/mon-white-224/3463.jpg,三つ割り河骨,
data/mon-white-224/23800.jpg,違い大根,
data/mon-white-224/2755.jpg,左走り馬,
data/mon-white-224/4442.jpg,三つ盛り蛇の目,
data/mon-white-224/07008.jpg,瓜に花,
data/mon-white-224/2033.jpg,隅立て外六つ鐶,
data/mon-white-224/35904.jpg,三つ外寄せ寓生,
data/mon-white-224/0624.jpg,変り牡丹枝丸,
data/mon-white-224/0630.jpg,葉下牡丹,
data/mon-white-224/3339.jpg,軸違い藤,
data/mon-white-224/2741.jpg,梅輪,
data/mon-white-224/2999.jpg,三つ重ね矢,
data/mon-white-224/11118.jpg,鐶三つ組み合い輪,
data/mon-white-224/2972.jpg,三つ並び矢筈,
data/mon-white-224/41908.jpg,光琳梅輪,
data/mon-white-224/2796.jpg,東寺雲,
data/mon-white-224/22505.jpg,三ツ組木,
data/mon-white-224/26005.jpg,池田対い蝶,
data/mon-white-224/26011.jpg,中隱小翅蝶,
data/mon-white-224/4495.jpg,吉の丸字,
data/mon-white-224/24606.jpg,入れ違い割橘,
data/mon-white-224/41934.jpg,八つ浪輪,
data/mon-white-224/4494.jpg,天文字崩し,
data/mon-white-224/26010.jpg,陰光琳蝶,
data/mon-white-224/41935.jpg,八重菊輪,
data/mon-white-224/22510.jpg,九ツ組木,
data/mon-white-224/22504.jpg,違い木,
data/mon-white-224/0180.jpg,繋ぎ平九つ石,
data/mon-white-224/39124.jpg,徳大寺花角,
data/mon-white-224/26004.jpg,池田対い蝶,
data/mon-white-224/24613.jpg,平安右近橘,
data/mon-white-224/2967.jpg,違い矢筈,
data/mon-white-224/0631.jpg,枝牡丹,
data/mon-white-224/2998.jpg,三つ重ね矢,
data/mon-white-224/2740.jpg,梅菱,
data/mon-white-224/2754.jpg,相馬繋ぎ馬,
data/mon-white-224/0143.jpg,重ね井桁,
data/mon-white-224/23801.jpg,割大根,
data/mon-white-224/0625.jpg,乱れ牡丹枝丸,
data/mon-white-224/07009.jpg,瓜の花,
data/mon-white-224/2032.jpg,外鐶桜,
data/mon-white-224/4443.jpg,三つ捻じ蛇の目,
data/mon-white-224/1513.jpg,裏片喰,
data/mon-white-224/08312.jpg,寄せ掛け隅切角,
data/mon-white-224/3462.jpg,割り河骨,
data/mon-white-224/1261.jpg,変り沢瀉巴,
data/mon-white-224/08306.jpg,角輪違い,
data/mon-white-224/0619.jpg,抱き牡丹,
data/mon-white-224/1507.jpg,中陰片喰,
data/mon-white-224/1088.jpg,反り輪鼓,
data/mon-white-224/2581.jpg,三つ寄せ蘭,
data/mon-white-224/4696.jpg,散り楓,
data/mon-white-224/1936.jpg,菱形対い雁金,
data/mon-white-224/1922.jpg,陰結び雁金,
data/mon-white-224/24411.jpg,割り橘,
data/mon-white-224/70040.jpg,源氏香の御法,
data/mon-white-224/4682.jpg,陰紅葉,
data/mon-white-224/3853.jpg,土岐桔梗,
data/mon-white-224/4872.jpg,飛び三羽雀,
data/mon-white-224/4866.jpg,神楽鈴,
data/mon-white-224/10005.jpg,石持ち地抜き抱き柏,
data/mon-white-224/3884.jpg,横見花桔梗,
data/mon-white-224/00216.jpg,真向う花葵,
data/mon-white-224/4133.jpg,細中陰五三桐菱,
data/mon-white-224/0355.jpg,吉田花菱,
data/mon-white-224/90163.jpg,十六丁子車,
data/mon-white-224/22909.jpg,割り追い洲浜,
data/mon-white-224/05408.jpg,三本扇,
data/mon-white-224/4655.jpg,三つ盛り三階菱,
data/mon-white-224/25914.jpg,揚羽蝶,
data/mon-white-224/14511.jpg,三つ入れ子亀甲,
data/mon-white-224/0427.jpg,四つ羽根,
data/mon-white-224/10011.jpg,折柏菱,
data/mon-white-224/3890.jpg,中陰三つ割り八重桔梗,
data/mon-white-224/3648.jpg,月落ち桜,
data/mon-white-224/0369.jpg,三つ花菱,
data/mon-white-224/1077.jpg,竜の爪,
data/mon-white-224/3106.jpg,四つ若松,
data/mon-white-224/4669.jpg,幸い菱崩し,
data/mon-white-224/1711.jpg,利休唐花,
data/mon-white-224/05434.jpg,扇井桁,
data/mon-white-224/1705.jpg,陰横見桔梗,
data/mon-white-224/05420.jpg,十本骨雁木扇,
data/mon-white-224/08104.jpg,抱き杜若,
data/mon-white-224/3674.jpg,陰裏桜胡蝶,
data/mon-white-224/1063.jpg,枝竜胆の丸,
data/mon-white-224/3933.jpg,裏桔梗飛び蝶,
data/mon-white-224/4084.jpg,菊鶴,
data/mon-white-224/0584.jpg,三つ盛り落ち牡丹,
data/mon-white-224/0590.jpg,三つ葉裏牡丹,
data/mon-white-224/3927.jpg,三つ持ち合い細桔梗,
data/mon-white-224/4090.jpg,変り菊枝丸,
data/mon-white-224/24203.jpg,鍬形宝結び,
data/mon-white-224/38602.jpg,釘抜,
data/mon-white-224/27722.jpg,三つ割り折鶴,
data/mon-white-224/38616.jpg,三階四つ目菱,
data/mon-white-224/06713.jpg,中陰違葉沢潟,
data/mon-white-224/09420.jpg,割り梶の葉,
data/mon-white-224/4047.jpg,葉陰鬼菊の丸,
data/mon-white-224/2436.jpg,大割り蔦,
data/mon-white-224/0221.jpg,三階稲妻菱,
data/mon-white-224/0547.jpg,変り三つ帆の丸,
data/mon-white-224/1659.jpg,変わり梶枝丸,
data/mon-white-224/00404.jpg,浮線葵,
data/mon-white-224/00410.jpg,三つ唐草葵,
data/mon-white-224/0553.jpg,六角帆,
data/mon-white-224/06707.jpg,沢瀉鶴,
data/mon-white-224/27911.jpg,五つ鉄線,
data/mon-white-224/1103.jpg,七本骨扇,
data/mon-white-224/01726.jpg,紀三井寺,
data/mon-white-224/1665.jpg,乱れ梶の葉,
data/mon-white-224/1671.jpg,唐花,
data/mon-white-224/09408.jpg,梶の葉,
data/mon-white-224/0209.jpg,角合わせ三つ稲妻,
data/mon-white-224/2191.jpg,並び鷹の羽,
data/mon-white-224/4286.jpg,厳敷雪,
data/mon-white-224/4292.jpg,矢雪,
data/mon-white-224/07800.jpg,柿の花,
data/mon-white-224/26616.jpg,打板桐,
data/mon-white-224/29525.jpg,変わり対い浪,
data/mon-white-224/11904.jpg,光琳亀,
data/mon-white-224/00809.jpg,細陰麻の葉,
data/mon-white-224/00821.jpg,麻の葉,
data/mon-white-224/0962.jpg,光琳胡蝶,
data/mon-white-224/2813.jpg,梔子,
data/mon-white-224/2807.jpg,三つ鍬形,
data/mon-white-224/29519.jpg,三つ波巴,
data/mon-white-224/09811.jpg,結び柏,
data/mon-white-224/0976.jpg,浮線蝶菱,
data/mon-white-224/4523.jpg,三つ引き両,
data/mon-white-224/2152.jpg,重ね四つ目車,
data/mon-white-224/0745.jpg,捻じ梅巴,
data/mon-white-224/0023.jpg,二つ追い銀杏,
data/mon-white-224/2634.jpg,剣三つ鱗,
data/mon-white-224/4245.jpg,反り亀甲崩し,
data/mon-white-224/06511.jpg,陰抱き沢瀉,
data/mon-white-224/2620.jpg,割り唐団扇,
data/mon-white-224/4251.jpg,六郷亀甲,
data/mon-white-224/06505.jpg,陰違い葉沢瀉,
data/mon-white-224/0037.jpg,対い銀杏菱,
data/mon-white-224/0751.jpg,台巴,
data/mon-white-224/3258.jpg,五つ捻じ分銅,
data/mon-white-224/4537.jpg,石持ち地抜き抱き柊,
data/mon-white-224/10401.jpg,角桛,
data/mon-white-224/42409.jpg,蕨桐,
data/mon-white-224/0779.jpg,三つ巴字丸,
data/mon-white-224/43717.jpg,尾長三つ巴,
data/mon-white-224/3270.jpg,花違い下がり藤,
data/mon-white-224/2608.jpg,唐団扇,
data/mon-white-224/08500.jpg,内隅切り平角,
data/mon-white-224/4279.jpg,雪菱,
data/mon-white-224/08514.jpg,反リ角,
data/mon-white-224/3264.jpg,陰下り藤,
data/mon-white-224/43703.jpg,橘,
data/mon-white-224/10300.jpg,霞,
data/mon-white-224/2647.jpg,梅鉢,
data/mon-white-224/00113.jpg,花付き割り葵,
data/mon-white-224/42320.jpg,輪違い,
data/mon-white-224/23912.jpg,陰陽違い鷹の羽,
data/mon-white-224/4550.jpg,三つ柊,
data/mon-white-224/4544.jpg,子持ち割り柊,
data/mon-white-224/0722.jpg,右三つ巴,
data/mon-white-224/0044.jpg,六角三つ割銀杏,
data/mon-white-224/2653.jpg,梅鉢,
data/mon-white-224/1372.jpg,雪輪菱,
data/mon-white-224/08201.jpg,玉垣馬轡,
data/mon-white-224/4578.jpg,四つ追い瓢菱,
data/mon-white-224/3571.jpg,真向う花葵,
data/mon-white-224/1366.jpg,八つ車輪,
data/mon-white-224/42308.jpg,繋ぎ輪違い,
data/mon-white-224/0093.jpg,細平井筒,
data/mon-white-224/2684.jpg,重ね梅,
data/mon-white-224/26117.jpg,揚羽蝶,
data/mon-white-224/4593.jpg,菱餅,
data/mon-white-224/26103.jpg,変わり源氏蝶,
data/mon-white-224/4587.jpg,木下日足,
data/mon-white-224/39023.jpg,剣四方木瓜,
data/mon-white-224/2690.jpg,中陰八重向う梅,
data/mon-white-224/22403.jpg,六つ頭巾,
data/mon-white-224/1399.jpg,蔓柏,
data/mon-white-224/38301.jpg,百足の丸,
data/mon-white-224/2874.jpg,三つ釘抜閂,
data/mon-white-224/4752.jpg,三つ割り木瓜崩し,
data/mon-white-224/25807.jpg,浮線蝶,
data/mon-white-224/0534.jpg,九つ星車,
data/mon-white-224/44235.jpg,本国寺楓,
data/mon-white-224/3983.jpg,八重裏鬼菊,
data/mon-white-224/2445.jpg,利休蔦,
data/mon-white-224/4034.jpg,杏葉菊,
data/mon-white-224/3997.jpg,陰三つ割り菊,
data/mon-white-224/00305.jpg,三つ唐草葵,
data/mon-white-224/2451.jpg,錫杖蔦,
data/mon-white-224/10116.jpg,三つ柏巴,
data/mon-white-224/0246.jpg,庵,
data/mon-white-224/44221.jpg,三つ巴,
data/mon-white-224/4746.jpg,割リ木瓜,
data/mon-white-224/1616.jpg,梶の葉,
data/mon-white-224/44209.jpg,向こう山桜,
data/mon-white-224/22826.jpg,脹ら雀,
data/mon-white-224/3773.jpg,抱き竹笹,
data/mon-white-224/08003.jpg,外向き杜若菱,
data/mon-white-224/1602.jpg,三つ盛り片喰,
data/mon-white-224/24502.jpg,黒田橘,
data/mon-white-224/4791.jpg,朧洲浜,
data/mon-white-224/3940.jpg,菱持ち地抜き桔梗,
data/mon-white-224/2486.jpg,蔦の花,
data/mon-white-224/22615.jpg,浮線綾鈴,
data/mon-white-224/22601.jpg,駅鈴,
data/mon-white-224/21308.jpg,浮線歯朶,
data/mon-white-224/3954.jpg,陰組み合わせ八重桔梗,
data/mon-white-224/1825.jpg,釜敷七曜,
data/mon-white-224/38117.jpg,変わり茗荷蝶,
data/mon-white-224/3968.jpg,有栖川抱き葉菊,
data/mon-white-224/1819.jpg,六つ結び釜敷き,
data/mon-white-224/27023.jpg,蔦枝丸,
data/mon-white-224/38103.jpg,二葉違い茗荷,
data/mon-white-224/00503.jpg,裏葵,
data/mon-white-224/2257.jpg,光琳葉敷橘,
data/mon-white-224/3149.jpg,変り松葉菱,
data/mon-white-224/4626.jpg,居合せ三階菱,
data/mon-white-224/0440.jpg,八つ羽子板車,
data/mon-white-224/1038.jpg,二葉竜胆,
data/mon-white-224/0326.jpg,三つ割り剣花菱,
data/mon-white-224/27802.jpg,蒲生対い鶴,
data/mon-white-224/4140.jpg,踊り桐,
data/mon-white-224/06614.jpg,軸違い並び葉沢瀉,
data/mon-white-224/4154.jpg,浮線桐,
data/mon-white-224/27816.jpg,飛び舞鶴,
data/mon-white-224/06600.jpg,三つ追い沢瀉,
data/mon-white-224/05309.jpg,五つ捻じ扇,
data/mon-white-224/0332.jpg,花菱枝丸,
data/mon-white-224/01609.jpg,三つ錨丸,
data/mon-white-224/4632.jpg,折り入り菱,
data/mon-white-224/11432.jpg,兜,
data/mon-white-224/3613.jpg,婦人会赤十字社,
data/mon-white-224/05321.jpg,三つ割り雁木日の丸扇,
data/mon-white-224/1010.jpg,六つ輪宝,
data/mon-white-224/4168.jpg,枝桐,
data/mon-white-224/3607.jpg,四つ網,
data/mon-white-224/11426.jpg,鳥形兜,
data/mon-white-224/1945.jpg,尻合せ三つ結び雁金,
data/mon-white-224/70027.jpg,源氏香の篝火,
data/mon-white-224/30403.jpg,束ね萩,
data/mon-white-224/2294.jpg,橘菱,
data/mon-white-224/3834.jpg,六つ組直違,
data/mon-white-224/3820.jpg,丸に算木,
data/mon-white-224/26513.jpg,二つ組み巴,
data/mon-white-224/70033.jpg,源氏香の藤裏葉,
data/mon-white-224/2280.jpg,陰光琳枝橘,
data/mon-white-224/4829.jpg,水仙の丸,
data/mon-white-224/01812.jpg,変わり細井桁,
data/mon-white-224/1951.jpg,三つ斜め雁金,
data/mon-white-224/1979.jpg,頭合わせ三つ笠,
data/mon-white-224/3808.jpg,枝笹,
data/mon-white-224/38705.jpg,四つ目格子,
data/mon-white-224/4815.jpg,洲浜団子,
data/mon-white-224/2733.jpg,中陰裏梅胡蝶,
data/mon-white-224/0642.jpg,三つ寄せ葉付き牡丹,
data/mon-white-224/4430.jpg,持ち合い四つ七宝,
data/mon-white-224/1548.jpg,八重片喰,
data/mon-white-224/0656.jpg,三つ杯,
data/mon-white-224/2727.jpg,箙梅,
data/mon-white-224/4356.jpg,一つ茗荷巴,
data/mon-white-224/0118.jpg,井筒崩し,
data/mon-white-224/1206.jpg,檜扇,
data/mon-white-224/08407.jpg,三つ組み合い隅切り角,
data/mon-white-224/3377.jpg,三つ葉藤崩し,
data/mon-white-224/1574.jpg,六角三つ割り片喰,
data/mon-white-224/3405.jpg,三つ袋,
data/mon-white-224/24112.jpg,二つ折れ鷹の羽,
data/mon-white-224/34301.jpg,中開き文,
data/mon-white-224/4381.jpg,変り茗荷蝶,
data/mon-white-224/2928.jpg,違い花山形,
data/mon-white-224/0695.jpg,祭礼幣帛,
data/mon-white-224/2914.jpg,違い山形,
data/mon-white-224/38507.jpg,陰隅折れ四つ目,
data/mon-white-224/0865.jpg,片葉折れ茶の実,
data/mon-white-224/2900.jpg,三つ繋ぎ轡,
data/mon-white-224/38513.jpg,陰陽繋ぎ九つ目,
data/mon-white-224/09917.jpg,柏蝶,
data/mon-white-224/38512.jpg,陰目結崩し,
data/mon-white-224/09903.jpg,土佐柏,
data/mon-white-224/38506.jpg,陰四つ目菱,
data/mon-white-224/0864.jpg,石持ち地抜き茶の実,
data/mon-white-224/2083.jpg,三つ瓜三つ唐花,
data/mon-white-224/0694.jpg,鈴違い幣,
data/mon-white-224/24107.jpg,中輪陰違い鷹の羽,
data/mon-white-224/2929.jpg,三つ組み違い山形,
data/mon-white-224/4380.jpg,茗荷蝶,
data/mon-white-224/26704.jpg,繋ぎ月,
data/mon-white-224/0680.jpg,並び瓶子,
data/mon-white-224/3362.jpg,藤枝菱,
data/mon-white-224/1575.jpg,六角三つ割り剣片喰,
data/mon-white-224/08412.jpg,子持隅入り角,
data/mon-white-224/3410.jpg,開き文,
data/mon-white-224/08406.jpg,三つ盛組角,
data/mon-white-224/26923.jpg,尻合わせ三つ光琳蔦,
data/mon-white-224/1207.jpg,陰檜扇,
data/mon-white-224/0119.jpg,三つ寄せ井筒,
data/mon-white-224/3376.jpg,藤枝丸,
data/mon-white-224/0657.jpg,杯,
data/mon-white-224/1549.jpg,結び八重片喰,
data/mon-white-224/2040.jpg,鐶松,
data/mon-white-224/4431.jpg,持合九つ七宝,
data/mon-white-224/4357.jpg,蔓一つ茗荷の丸,
data/mon-white-224/2726.jpg,梅花五つ雁金,
data/mon-white-224/0125.jpg,業平井筒,
data/mon-white-224/2732.jpg,香い梅飛び蝶,
data/mon-white-224/00700.jpg,総角,
data/mon-white-224/1978.jpg,変り三つ寄せ笠,
data/mon-white-224/4800.jpg,尻合せ三つ洲浜,
data/mon-white-224/38704.jpg,七つ割り隅立て四つ目,
data/mon-white-224/1950.jpg,花房雁金,
data/mon-white-224/4828.jpg,変り水仙の丸,
data/mon-white-224/01813.jpg,変わり組井桁,
data/mon-white-224/2281.jpg,葉折れ枝橘,
data/mon-white-224/70032.jpg,源氏香の梅枝,
data/mon-white-224/70026.jpg,源氏香の常夏,
data/mon-white-224/1944.jpg,頭合せ三つ結び雁金,
data/mon-white-224/4182.jpg,三つ割り五三鬼桐,
data/mon-white-224/3835.jpg,変り組み木,
data/mon-white-224/3606.jpg,三つ網目,
data/mon-white-224/4169.jpg,中陰枝桐,
data/mon-white-224/1011.jpg,三つ又輪宝,
data/mon-white-224/1777.jpg,結び角,
data/mon-white-224/0469.jpg,三つ旗の丸,
data/mon-white-224/3160.jpg,松葉桐,
data/mon-white-224/11427.jpg,鳥形兜,
data/mon-white-224/11433.jpg,八幡兜,
data/mon-white-224/3612.jpg,三つ重ね盃,
data/mon-white-224/05308.jpg,五つ捻じ扇,
data/mon-white-224/0333.jpg,三つ寄せ花菱蝶,
data/mon-white-224/06601.jpg,三つ追い葉沢瀉,
data/mon-white-224/4155.jpg,中陰浮線桐,
data/mon-white-224/01608.jpg,三つ碇,
data/mon-white-224/2242.jpg,対い橘,
data/mon-white-224/0455.jpg,半鐘,
data/mon-white-224/4627.jpg,三つ三階菱,
data/mon-white-224/3148.jpg,折れ松葉菱,
data/mon-white-224/2256.jpg,橘崩し,
data/mon-white-224/00502.jpg,幼剣五つ葵,
data/mon-white-224/4141.jpg,踊り桐,
data/mon-white-224/0327.jpg,中陰三つ割り花菱,
data/mon-white-224/1039.jpg,割り笹竜胆,
data/mon-white-224/3969.jpg,閑院菊,
data/mon-white-224/27022.jpg,蔦枝丸,
data/mon-white-224/1818.jpg,桔梗釜敷,
data/mon-white-224/25621.jpg,三つ割茶の実,
data/mon-white-224/3955.jpg,鉄砲桔梗,
data/mon-white-224/22600.jpg,一つ鈴,
data/mon-white-224/24517.jpg,七枚葉橘,
data/mon-white-224/1824.jpg,釜敷梅鉢,
data/mon-white-224/25609.jpg,茶の実,
data/mon-white-224/4790.jpg,花形洲浜,
data/mon-white-224/24503.jpg,三つ割り茶の実,
data/mon-white-224/1830.jpg,畳釜敷,
data/mon-white-224/0290.jpg,六葉,
data/mon-white-224/22614.jpg,紐付き三つ鈴,
data/mon-white-224/3799.jpg,若竹枝菱,
data/mon-white-224/3772.jpg,三つ竹輪違い,
data/mon-white-224/22827.jpg,脹ら雀,
data/mon-white-224/1603.jpg,三つ頭合せ片喰,
data/mon-white-224/08016.jpg,尻合せ三つ杜若の花,
data/mon-white-224/3000.jpg,矢尻付き三つ重ね矢,
data/mon-white-224/44208.jpg,笹竜胆,
data/mon-white-224/0509.jpg,重ね六つ星,
data/mon-white-224/1617.jpg,鬼梶の葉,
data/mon-white-224/3766.jpg,変わり竹丸,
data/mon-white-224/0247.jpg,利休庵,
data/mon-white-224/4021.jpg,菊浮線綾,
data/mon-white-224/10117.jpg,八つ柏菱,
data/mon-white-224/2450.jpg,崩し朧蔦,
data/mon-white-224/00304.jpg,三つ軸違い葵,
data/mon-white-224/3996.jpg,抱き開き菊,
data/mon-white-224/4747.jpg,三つ割り木瓜,
data/mon-white-224/25812.jpg,揚羽蝶,
data/mon-white-224/44234.jpg,増山雁金,
data/mon-white-224/25806.jpg,陰揚羽蝶,
data/mon-white-224/2322.jpg,蝶形宝結び,
data/mon-white-224/4035.jpg,花陰杏葉菊,
data/mon-white-224/10103.jpg,渡辺柏,
data/mon-white-224/2444.jpg,結び鬼蔦,
data/mon-white-224/3982.jpg,千重菊,
data/mon-white-224/0253.jpg,イの字菱,
data/mon-white-224/90065.jpg,二頭波,
data/mon-white-224/38300.jpg,右向き百足の丸,
data/mon-white-224/2875.jpg,一柳釘抜,
data/mon-white-224/2861.jpg,釘抜菱,
data/mon-white-224/4586.jpg,十二日足,
data/mon-white-224/26102.jpg,変わり源氏蝶,
data/mon-white-224/1398.jpg,土佐柏,
data/mon-white-224/22402.jpg,三つ頭巾,
data/mon-white-224/2691.jpg,八重唐梅,
data/mon-white-224/2685.jpg,中陰裏梅,
data/mon-white-224/0092.jpg,陰平井筒,
data/mon-white-224/26116.jpg,北条対い蝶,
data/mon-white-224/4579.jpg,八つ捻じ瓢,
data/mon-white-224/3216.jpg,三階斗枡,
data/mon-white-224/0079.jpg,違い稲,
data/mon-white-224/1367.jpg,六つ車輪,
data/mon-white-224/42309.jpg,結び輪違い,
data/mon-white-224/3564.jpg,変り葵の丸,
data/mon-white-224/0723.jpg,陰左三つ巴,
data/mon-white-224/4545.jpg,外向い割り柊,
data/mon-white-224/00106.jpg,右離れ立ち葵,
data/mon-white-224/2652.jpg,梅鉢,
data/mon-white-224/23907.jpg,一つ折れ鷹の羽の丸,
data/mon-white-224/0045.jpg,四つ割り銀杏,
data/mon-white-224/0051.jpg,左稲の丸,
data/mon-white-224/23913.jpg,架み鷹,
data/mon-white-224/42321.jpg,輪違い崩し,
data/mon-white-224/00112.jpg,花付き割り葵,
data/mon-white-224/2646.jpg,梅,
data/mon-white-224/10301.jpg,春霞,
data/mon-white-224/4551.jpg,三つ葉柊,
data/mon-white-224/0047.jpg,立ち銀杏の丸,
data/mon-white-224/23905.jpg,井上鷹の羽,
data/mon-white-224/2888.jpg,万字轡,
data/mon-white-224/2650.jpg,石持ち地抜き梅鉢,
data/mon-white-224/00104.jpg,陰の尻合わせ三つ葵,
data/mon-white-224/3228.jpg,八ツ剣菱,
data/mon-white-224/4547.jpg,折れ柊,
data/mon-white-224/14603.jpg,六つ組合亀甲,
data/mon-white-224/4553.jpg,三つ追い柊,
data/mon-white-224/00110.jpg,葵の丸,
data/mon-white-224/42323.jpg,輪角繋ぎ,
data/mon-white-224/12514.jpg,菱形対い雁金,
data/mon-white-224/23911.jpg,陰陽違い鷹の羽,
data/mon-white-224/0053.jpg,二つ穂稲の丸,
data/mon-white-224/3572.jpg,中陰五つ捻じ葵,
data/mon-white-224/1365.jpg,八つ浪輪,
data/mon-white-224/08202.jpg,七本瑞垣,
data/mon-white-224/0709.jpg,二つ尾長巴,
data/mon-white-224/1371.jpg,違い雪輪,
data/mon-white-224/2693.jpg,軒端梅,
data/mon-white-224/26100.jpg,変わり鎧蝶,
data/mon-white-224/4584.jpg,八つ日足,
data/mon-white-224/26114.jpg,揚羽蝶,
data/mon-white-224/39034.jpg,三つ木瓜形,
data/mon-white-224/0090.jpg,一本稲,
data/mon-white-224/2687.jpg,変わり念じ梅,
data/mon-white-224/3599.jpg,葦の丸,
data/mon-white-224/38302.jpg,子持ち百足の丸,
data/mon-white-224/2863.jpg,陰違い釘抜き菱,
data/mon-white-224/25810.jpg,右向き替り揚羽蝶,
data/mon-white-224/05518.jpg,十本骨日の丸扇,
data/mon-white-224/0523.jpg,角九曜,
data/mon-white-224/44222.jpg,北条鱗,
data/mon-white-224/4745.jpg,金輪木瓜,
data/mon-white-224/00306.jpg,四つ割り葵,
data/mon-white-224/10115.jpg,柏鶴,
data/mon-white-224/2452.jpg,中陰光琳蔦,
data/mon-white-224/0245.jpg,団扇碇,
data/mon-white-224/90067.jpg,八咫烏,
data/mon-white-224/3980.jpg,饅頭菊,
data/mon-white-224/2446.jpg,鬼蔦,
data/mon-white-224/4037.jpg,葉陰杏葉菊,
data/mon-white-224/4751.jpg,木瓜崩し,
data/mon-white-224/08028.jpg,杜若の葉,
data/mon-white-224/25804.jpg,対い蝶,
data/mon-white-224/1629.jpg,子持ち隅切り立ち梶の葉,
data/mon-white-224/34909.jpg,舞い鳳凰の丸,
data/mon-white-224/4779.jpg,撫子枝丸,
data/mon-white-224/3016.jpg,三つ豆造,
data/mon-white-224/08000.jpg,杏葉杜若,
data/mon-white-224/1601.jpg,軸違い片喰,
data/mon-white-224/0279.jpg,陰の重ね糸巻,
data/mon-white-224/10129.jpg,柏桐,
data/mon-white-224/1615.jpg,陰梶の葉,
data/mon-white-224/08014.jpg,根引き立ち杜若,
data/mon-white-224/26302.jpg,陰右一つ丁子巴,
data/mon-white-224/1826.jpg,七つ金輪釜敷き,
data/mon-white-224/3957.jpg,五芒星,
data/mon-white-224/3943.jpg,割り桔梗菱,
data/mon-white-224/2485.jpg,三つ寄せ中陰蔦菱,
data/mon-white-224/22616.jpg,房付き鈴,
data/mon-white-224/24501.jpg,向こう橘,
data/mon-white-224/27008.jpg,中陰鬼蔦菱,
data/mon-white-224/4792.jpg,花洲浜,
data/mon-white-224/27034.jpg,浮線蔦菱,
data/mon-white-224/38114.jpg,変り抱き茗荷,
data/mon-white-224/25623.jpg,三つ寄せ茶の実,
data/mon-white-224/1991.jpg,神宮笠,
data/mon-white-224/2240.jpg,葉陰橘,
data/mon-white-224/11419.jpg,頭陰の剣兜,
data/mon-white-224/4631.jpg,三つ折り入り菱,
data/mon-white-224/27815.jpg,飛鶴の丸,
data/mon-white-224/3638.jpg,葉敷き桜,
data/mon-white-224/0331.jpg,浮線龍花菱,
data/mon-white-224/27801.jpg,向い鶴,
data/mon-white-224/4143.jpg,飛翔桐,
data/mon-white-224/09524.jpg,中陰梶の葉,
data/mon-white-224/06617.jpg,抱き沢瀉,
data/mon-white-224/07509.jpg,三つ組櫂,
data/mon-white-224/00500.jpg,陰蔓三つ葵の丸,
data/mon-white-224/4625.jpg,石持ち地抜き三つ菱,
data/mon-white-224/11425.jpg,変わり鳥兜,
data/mon-white-224/1013.jpg,陰三つ輪宝,
data/mon-white-224/09518.jpg,諏訪梶の葉,
data/mon-white-224/05322.jpg,三つ割雁木扇,
data/mon-white-224/0319.jpg,変り花菱,
data/mon-white-224/1761.jpg,中入り角,
data/mon-white-224/2268.jpg,向う橘,
data/mon-white-224/11431.jpg,破軍星立て兜,
data/mon-white-224/70030.jpg,源氏香の藤袴,
data/mon-white-224/01811.jpg,反り井桁,
data/mon-white-224/2283.jpg,割り橘枝丸,
data/mon-white-224/1952.jpg,三つ盛り雁金,
data/mon-white-224/0494.jpg,渡辺星,
data/mon-white-224/3823.jpg,二つ算木,
data/mon-white-224/26510.jpg,丁子枝丸,
data/mon-white-224/4180.jpg,三つ割り五三桐,
data/mon-white-224/1946.jpg,金輪雁金,
data/mon-white-224/70024.jpg,源氏香の胡蝶,
data/mon-white-224/01805.jpg,太井桁,
data/mon-white-224/4816.jpg,中陰洲浜桐,
data/mon-white-224/38706.jpg,七つ割平四つ目,
data/mon-white-224/70018.jpg,源氏香の松風,
data/mon-white-224/0133.jpg,組井桁,
data/mon-white-224/26909.jpg,枝蔦,
data/mon-white-224/2724.jpg,三つ横見梅,
data/mon-white-224/0655.jpg,三つ割り落ち牡丹,
data/mon-white-224/30819.jpg,芭蕉蝶,
data/mon-white-224/4427.jpg,変り大岡越七宝,
data/mon-white-224/3348.jpg,三つ葉藤,
data/mon-white-224/2730.jpg,花梅鉢,
data/mon-white-224/4341.jpg,違い一関車前草,
data/mon-white-224/0127.jpg,井桁,
data/mon-white-224/1239.jpg,一つ花沢瀉,
data/mon-white-224/08410.jpg,子持ち雁木角,
data/mon-white-224/2718.jpg,陰利休梅,
data/mon-white-224/1211.jpg,山崎扇,
data/mon-white-224/1577.jpg,外三つ割り片喰,
data/mon-white-224/3360.jpg,三つ寄せ藤の花,
data/mon-white-224/3374.jpg,変リ藤蝶,
data/mon-white-224/1205.jpg,雁木檜扇,
data/mon-white-224/3412.jpg,駒,
data/mon-white-224/07904.jpg,鍵,
data/mon-white-224/4396.jpg,変わり抱き棕櫚,
data/mon-white-224/0696.jpg,太巴,
data/mon-white-224/1588.jpg,変わり片喰飛び蝶,
data/mon-white-224/2095.jpg,瓜桐,
data/mon-white-224/0682.jpg,三つ盛り瓶子,
data/mon-white-224/4382.jpg,茗荷胡蝶,
data/mon-white-224/2903.jpg,変わり富士霞,
data/mon-white-224/09915.jpg,三つ柏崩し,
data/mon-white-224/38510.jpg,陰反り折り三つ目菱,
data/mon-white-224/0866.jpg,葉折れ茶の実,
data/mon-white-224/2917.jpg,三つ違い山形,
data/mon-white-224/38504.jpg,陰三つ目,
data/mon-white-224/0867.jpg,抱き葉茶の実,
data/mon-white-224/38505.jpg,陰四つ目車,
data/mon-white-224/09900.jpg,蔓細柏,
data/mon-white-224/38511.jpg,陰反り折り四つ目,
data/mon-white-224/09914.jpg,三つ柏枝丸,
data/mon-white-224/2902.jpg,富士山形,
data/mon-white-224/35035.jpg,三つ寄せ月星,
data/mon-white-224/0683.jpg,三つ尻合せ瓶子,
data/mon-white-224/2094.jpg,五瓜崩し,
data/mon-white-224/24104.jpg,鷹匠,
data/mon-white-224/4397.jpg,抱き棕櫚,
data/mon-white-224/36500.jpg,細川向かい松,
data/mon-white-224/07905.jpg,鍵桐,
data/mon-white-224/1589.jpg,剣片喰飛び蝶,
data/mon-white-224/0697.jpg,左一つ巴,
data/mon-white-224/3375.jpg,子持ち藤飛び蝶,
data/mon-white-224/3413.jpg,成り駒,
data/mon-white-224/1204.jpg,巻地紙,
data/mon-white-224/3407.jpg,結び文,
data/mon-white-224/2719.jpg,三つ盛り香い梅,
data/mon-white-224/3361.jpg,上り藤の葉,
data/mon-white-224/1576.jpg,六角三つ追い剣片喰,
data/mon-white-224/3349.jpg,尼ヶ崎藤,
data/mon-white-224/4426.jpg,大岡七宝,
data/mon-white-224/30818.jpg,破れ芭蕉,
data/mon-white-224/0640.jpg,石橋牡丹,
data/mon-white-224/1238.jpg,一つ沢瀉の丸,
data/mon-white-224/0126.jpg,平井筒崩し,
data/mon-white-224/4340.jpg,関杏葉,
data/mon-white-224/2731.jpg,中陰梅蝶,
data/mon-white-224/2725.jpg,三つ横見裏梅,
data/mon-white-224/26908.jpg,枝蔦,
data/mon-white-224/0132.jpg,太井桁,
data/mon-white-224/0654.jpg,唐草牡丹菱,
data/mon-white-224/2043.jpg,織田木瓜,
data/mon-white-224/38707.jpg,四つ目格子,
data/mon-white-224/70019.jpg,源氏香の薄雲,
data/mon-white-224/4817.jpg,台洲浜,
data/mon-white-224/4181.jpg,中陰三つ割り五三桐,
data/mon-white-224/3836.jpg,九字木菱,
data/mon-white-224/2296.jpg,変り橘菱,
data/mon-white-224/30401.jpg,対い萩,
data/mon-white-224/70025.jpg,源氏香の蛍,
data/mon-white-224/1947.jpg,釜敷雁金,
data/mon-white-224/1953.jpg,四つ盛り雁金菱,
data/mon-white-224/2282.jpg,枝橘,
data/mon-white-224/70031.jpg,源氏香の真木柱,
data/mon-white-224/26511.jpg,丁子枝丸,
data/mon-white-224/0318.jpg,中陰剣花菱,
data/mon-white-224/09519.jpg,石持ち地抜き梶の葉,
data/mon-white-224/4618.jpg,松皮菱,
data/mon-white-224/11430.jpg,兜,
data/mon-white-224/2269.jpg,裏向こう橘,
data/mon-white-224/1760.jpg,隅入り込み角,
data/mon-white-224/11424.jpg,頭蝶兜,
data/mon-white-224/3605.jpg,違い抱粟,
data/mon-white-224/07508.jpg,三本並び櫂,
data/mon-white-224/2533.jpg,石持ち地抜き奈花,
data/mon-white-224/4142.jpg,光琳唐桐,
data/mon-white-224/27800.jpg,対い折り鶴菱,
data/mon-white-224/00501.jpg,蔓付き三つ葵,
data/mon-white-224/11418.jpg,御幣兜,
data/mon-white-224/2241.jpg,七枚葉橘,
data/mon-white-224/1748.jpg,反り八角,
data/mon-white-224/1990.jpg,花笠,
data/mon-white-224/0330.jpg,杏葉花菱,
data/mon-white-224/06602.jpg,三つ追い葉沢瀉,
data/mon-white-224/3639.jpg,結び桜,
data/mon-white-224/27814.jpg,飛び鶴,
data/mon-white-224/4156.jpg,桐崩し,
data/mon-white-224/90099.jpg,追いかけ五枚銀杏,
data/mon-white-224/25622.jpg,三つ寄せ茶の実,
data/mon-white-224/38115.jpg,変り抱き茗荷,
data/mon-white-224/27035.jpg,変り蔦枝丸,
data/mon-white-224/38101.jpg,田村茗荷,
data/mon-white-224/27021.jpg,蔦形枝蔦,
data/mon-white-224/23509.jpg,撫子,
data/mon-white-224/2484.jpg,三つ組み中陰蔦,
data/mon-white-224/4793.jpg,原型洲浜,
data/mon-white-224/27009.jpg,中陰鬼蔦鶴,
data/mon-white-224/24500.jpg,対い橘菱,
data/mon-white-224/1827.jpg,釜敷九曜,
data/mon-white-224/26303.jpg,陰右三つ丁子巴,
data/mon-white-224/4787.jpg,州浜,
data/mon-white-224/2490.jpg,向かい蔦菱,
data/mon-white-224/3956.jpg,五芒星,
data/mon-white-224/3765.jpg,割り六枚笹,
data/mon-white-224/08015.jpg,三つ追い杜若,
data/mon-white-224/3003.jpg,六つ矢車,
data/mon-white-224/1600.jpg,比翼片喰,
data/mon-white-224/08001.jpg,陰杜若の花,
data/mon-white-224/3017.jpg,三つ追い豆造,
data/mon-white-224/4778.jpg,枝石竹,
data/mon-white-224/22824.jpg,飛び三羽雀,
data/mon-white-224/1166.jpg,五本扇車,
data/mon-white-224/0278.jpg,重ね糸巻板,
data/mon-white-224/4036.jpg,総陰杏葉菊,
data/mon-white-224/2447.jpg,中陰鬼蔦菱,
data/mon-white-224/3981.jpg,禿菊,
data/mon-white-224/00313.jpg,三葉葵,
data/mon-white-224/0250.jpg,盃庵,
data/mon-white-224/34908.jpg,舞い鳳凰の丸,
data/mon-white-224/1628.jpg,安部梶の葉,
data/mon-white-224/25805.jpg,陰対い揚羽蝶,
data/mon-white-224/2321.jpg,宝結ビ胡蝶,
data/mon-white-224/08029.jpg,杜若鶴,
data/mon-white-224/4750.jpg,割り木瓜菱,
data/mon-white-224/4744.jpg,三つ結び木瓜,
data/mon-white-224/05519.jpg,日の丸扇,
data/mon-white-224/0522.jpg,角八曜,
data/mon-white-224/0244.jpg,三つ割錨,
data/mon-white-224/2453.jpg,太陰光琳蔦,
data/mon-white-224/10114.jpg,柏鶴,
data/mon-white-224/3995.jpg,割り菊,
data/mon-white-224/2862.jpg,陰釘抜菱,
data/mon-white-224/38303.jpg,石持ち地抜き百足の丸,
data/mon-white-224/4591.jpg,劣り十六日足,
data/mon-white-224/26115.jpg,揚羽蝶,
data/mon-white-224/3598.jpg,違い葦,
data/mon-white-224/2686.jpg,捻じ向う梅,
data/mon-white-224/0091.jpg,平井筒,
data/mon-white-224/2692.jpg,白銀梅,
data/mon-white-224/4585.jpg,八つ変わり日足車,
data/mon-white-224/26101.jpg,変わり源氏蝶,
data/mon-white-224/25408.jpg,四方千切り,
data/mon-white-224/0708.jpg,二つ折り巴,
data/mon-white-224/2679.jpg,向こう梅,
data/mon-white-224/1370.jpg,外雪輪,
data/mon-white-224/1364.jpg,八重菊輪,
data/mon-white-224/08203.jpg,常磐垣,
data/mon-white-224/4552.jpg,頭合せ三つ割り柊,
data/mon-white-224/0052.jpg,右廻り稲の丸,
data/mon-white-224/23910.jpg,陰痩折れ鷹の羽,
data/mon-white-224/42322.jpg,輪違い木瓜,
data/mon-white-224/00111.jpg,葵の丸,
data/mon-white-224/10302.jpg,霞,
data/mon-white-224/2645.jpg,赤垣鱗,
data/mon-white-224/00105.jpg,陰一つ葵,
data/mon-white-224/2889.jpg,花轡,
data/mon-white-224/0046.jpg,子持三つ銀杏,
data/mon-white-224/0720.jpg,陰ノ左三ツ巴,
data/mon-white-224/4546.jpg,違い柊,
data/mon-white-224/3229.jpg,変り三つ剣,
data/mon-white-224/08207.jpg,唐檜垣,
data/mon-white-224/3577.jpg,五つ朝顔,
data/mon-white-224/2669.jpg,剣梅,
data/mon-white-224/00129.jpg,本多立ち葵,
data/mon-white-224/4542.jpg,江原柊,
data/mon-white-224/0724.jpg,重ね三つ巴,
data/mon-white-224/00101.jpg,葵の丸,
data/mon-white-224/2655.jpg,裏梅鉢,
data/mon-white-224/2899.jpg,持ち合い轡,
data/mon-white-224/00115.jpg,花付き三つ葵,
data/mon-white-224/0056.jpg,包み抱き稲,
data/mon-white-224/0730.jpg,細三つ巴,
data/mon-white-224/2866.jpg,比翼釘抜,
data/mon-white-224/0917.jpg,陰光琳蝶,
data/mon-white-224/4581.jpg,瓢桐,
data/mon-white-224/26105.jpg,三つ蝶,
data/mon-white-224/2696.jpg,光琳梅,
data/mon-white-224/0095.jpg,隅立て撫で井筒,
data/mon-white-224/2682.jpg,捻じ梅,
data/mon-white-224/4595.jpg,陰菱,
data/mon-white-224/26111.jpg,変わり飛び蝶,
data/mon-white-224/22820.jpg,中陰三つ寄せ雀,
data/mon-white-224/3775.jpg,篠笹竹の丸,
data/mon-white-224/1604.jpg,三つ盛り剣片喰,
data/mon-white-224/25829.jpg,三つ割り揚羽蝶,
data/mon-white-224/1610.jpg,枝片喰,
data/mon-white-224/3007.jpg,八つ矢車菱,
data/mon-white-224/4768.jpg,長谷部銭,
data/mon-white-224/08011.jpg,結び杜若の花,
data/mon-white-224/0268.jpg,板屋貝蝶,
data/mon-white-224/1176.jpg,浮線扇,
data/mon-white-224/10110.jpg,柏枝丸,
data/mon-white-224/00303.jpg,三つ割り立葵,
data/mon-white-224/3991.jpg,変り菊水,
data/mon-white-224/3749.jpg,陰十枚笹菱,
data/mon-white-224/0240.jpg,四つ錨,
data/mon-white-224/04603.jpg,加賀梅鉢,
data/mon-white-224/1638.jpg,三つ梶の葉,
data/mon-white-224/44227.jpg,西六条藤,
data/mon-white-224/2331.jpg,違い横向き鼓,
data/mon-white-224/25801.jpg,髭丸揚羽蝶,
data/mon-white-224/44233.jpg,尻合せ三つ楓,
data/mon-white-224/0532.jpg,割り九曜,
data/mon-white-224/0254.jpg,虎枝,
data/mon-white-224/22808.jpg,重ね脹雀,
data/mon-white-224/10104.jpg,二つ折れ蔓柏,
data/mon-white-224/2443.jpg,中陰鬼蔦,
data/mon-white-224/3985.jpg,裏乱菊,
data/mon-white-224/01009.jpg,違い葦,
data/mon-white-224/38111.jpg,変り三つ向い茗荷崩し,
data/mon-white-224/28302.jpg,十字三鈷杵,
data/mon-white-224/0283.jpg,石持ち地抜き蝋燭,
data/mon-white-224/22607.jpg,十曜鈴,
data/mon-white-224/3952.jpg,組み桔梗,
data/mon-white-224/27019.jpg,蔦の花,
data/mon-white-224/26307.jpg,陰丁子鶴,
data/mon-white-224/4783.jpg,洲浜,
data/mon-white-224/1823.jpg,釜敷桜,
data/mon-white-224/24510.jpg,三つ葉橘,
data/mon-white-224/1837.jpg,川蟹,
data/mon-white-224/24504.jpg,三つ割り向う橘,
data/mon-white-224/26313.jpg,六つ丁子丸,
data/mon-white-224/2480.jpg,三つ蔓蔦,
data/mon-white-224/3946.jpg,台桔梗,
data/mon-white-224/1189.jpg,重ね地紙,
data/mon-white-224/22613.jpg,八つ鈴,
data/mon-white-224/1016.jpg,五つ輪宝,
data/mon-white-224/0308.jpg,痩せ鬼花菱,
data/mon-white-224/3601.jpg,一つ粟の丸,
data/mon-white-224/2279.jpg,六角形三つ橘,
data/mon-white-224/4608.jpg,石持ち地抜き菱,
data/mon-white-224/11420.jpg,諏訪法性兜,
data/mon-white-224/41203.jpg,浮線綾変わり花菱,
data/mon-white-224/11434.jpg,変り鳥兜,
data/mon-white-224/3615.jpg,三つ括り猿,
data/mon-white-224/1002.jpg,三方千切り,
data/mon-white-224/06606.jpg,三つ立ち沢瀉,
data/mon-white-224/4152.jpg,蔓桐,
data/mon-white-224/27810.jpg,鶴菱,
data/mon-white-224/0334.jpg,三ツ割リ蔓花菱崩シ,
data/mon-white-224/2245.jpg,日蓮宗橘,
data/mon-white-224/00505.jpg,立ち葵菱,
data/mon-white-224/4620.jpg,中陰松皮菱,
data/mon-white-224/11408.jpg,兜,
data/mon-white-224/1980.jpg,三つ菅笠,
data/mon-white-224/0320.jpg,雲形花菱,
data/mon-white-224/3629.jpg,変わり山桜,
data/mon-white-224/27804.jpg,陰光琳鶴の丸,
data/mon-white-224/4146.jpg,太閤桐,
data/mon-white-224/2537.jpg,梨の切り口菱,
data/mon-white-224/38717.jpg,隅立て四つ目,
data/mon-white-224/4807.jpg,宍戸洲浜,
data/mon-white-224/38703.jpg,持ち合い四つ目,
data/mon-white-224/3826.jpg,直違,
data/mon-white-224/4191.jpg,四つ割り五三桐,
data/mon-white-224/70035.jpg,源氏香の若菜下,
data/mon-white-224/2286.jpg,橘鶴,
data/mon-white-224/1957.jpg,八つ雁金車,
data/mon-white-224/0485.jpg,陰三つ星,
data/mon-white-224/70021.jpg,源氏香の少女,
data/mon-white-224/01800.jpg,組井桁,
data/mon-white-224/2292.jpg,平安橘,
data/mon-white-224/30405.jpg,萩の枝丸,
data/mon-white-224/3832.jpg,四つ組み違い木,
data/mon-white-224/06809.jpg,木瓜沢瀉,
data/mon-white-224/1572.jpg,中陰三つ割り剣片喰,
data/mon-white-224/3365.jpg,変り藤崩し,
data/mon-white-224/08415.jpg,持ち合い変わり隅入り角,
data/mon-white-224/1200.jpg,頭合せ三つ地紙,
data/mon-white-224/08401.jpg,隅立て折り入り角,
data/mon-white-224/2709.jpg,古木梅枝,
data/mon-white-224/3417.jpg,三つ盛り将棋駒,
data/mon-white-224/3371.jpg,藤蝶,
data/mon-white-224/30820.jpg,変わり折れ芭蕉の丸,
data/mon-white-224/1566.jpg,三つ割り片喰,
data/mon-white-224/3359.jpg,割り藤の花,
data/mon-white-224/30808.jpg,三つ追い芭蕉,
data/mon-white-224/0650.jpg,葉牡丹鶴,
data/mon-white-224/0136.jpg,反り井桁,
data/mon-white-224/1228.jpg,水野沢瀉,
data/mon-white-224/2721.jpg,三つ盛り梅,
data/mon-white-224/2735.jpg,中陰浮線梅,
data/mon-white-224/0877.jpg,二つ割り茶の実,
data/mon-white-224/2906.jpg,三つ山,
data/mon-white-224/38515.jpg,組み合わせ四つ目菱,
data/mon-white-224/2912.jpg,差し金違い山形,
data/mon-white-224/09904.jpg,三つ割り三つ柏,
data/mon-white-224/00908.jpg,朝顔の丸,
data/mon-white-224/36504.jpg,三つ櫛松,
data/mon-white-224/24100.jpg,鷹の羽蝶,
data/mon-white-224/24114.jpg,石持ち地抜き違い鷹の羽,
data/mon-white-224/0687.jpg,三つ割り瓶子,
data/mon-white-224/24115.jpg,石持ち地抜き違い鷹の羽,
data/mon-white-224/34306.jpg,結び文,
data/mon-white-224/1598.jpg,片喰扇,
data/mon-white-224/0686.jpg,割り瓶子,
data/mon-white-224/31518.jpg,花菱,
data/mon-white-224/2091.jpg,割り木瓜,
data/mon-white-224/00909.jpg,朝顔の丸,
data/mon-white-224/2085.jpg,米田瓜,
data/mon-white-224/0692.jpg,三つ盛り幣,
data/mon-white-224/24101.jpg,鷹の羽蝶,
data/mon-white-224/36505.jpg,三つ笠松,
data/mon-white-224/07900.jpg,違い鍵,
data/mon-white-224/2913.jpg,入り山形,
data/mon-white-224/0862.jpg,陰一つ茶の実,
data/mon-white-224/0876.jpg,対い茶の実,
data/mon-white-224/38514.jpg,隅合せ三つ釘抜,
data/mon-white-224/2907.jpg,五つ山,
data/mon-white-224/35030.jpg,剣四つ星,
data/mon-white-224/26919.jpg,昭和蔦,
data/mon-white-224/2734.jpg,梅桐,
data/mon-white-224/4423.jpg,秋月七宝,
data/mon-white-224/0645.jpg,葉敷き牡丹菱,
data/mon-white-224/0651.jpg,牡丹蝶,
data/mon-white-224/30809.jpg,三つ追い芭蕉,
data/mon-white-224/3358.jpg,藤の花,
data/mon-white-224/2720.jpg,尻合せ三つ香い梅,
data/mon-white-224/3416.jpg,三つ将棋駒,
data/mon-white-224/26925.jpg,蔦,
data/mon-white-224/2708.jpg,三つ追い枝梅の丸,
data/mon-white-224/30821.jpg,変わり芭蕉の丸,
data/mon-white-224/3370.jpg,利休藤,
data/mon-white-224/3364.jpg,藤鶴崩し,
data/mon-white-224/1215.jpg,房丸檜扇,
data/mon-white-224/3402.jpg,棗形袋,
data/mon-white-224/30404.jpg,萩の枝丸,
data/mon-white-224/2293.jpg,橘浮線綾崩し,
data/mon-white-224/70020.jpg,源氏香の朝顔,
data/mon-white-224/1942.jpg,頭合せ三つ雁金,
data/mon-white-224/0484.jpg,三つ星,
data/mon-white-224/3833.jpg,組違い木,
data/mon-white-224/06808.jpg,長州沢瀉,
data/mon-white-224/26514.jpg,二股丁子の丸,
data/mon-white-224/1956.jpg,五つ雁金車,
data/mon-white-224/0490.jpg,重ね三つ星,
data/mon-white-224/2287.jpg,足変り橘鶴,
data/mon-white-224/30410.jpg,抱き萩,
data/mon-white-224/70034.jpg,源氏香の若菜上,
data/mon-white-224/4806.jpg,三つ持ち合い洲浜,
data/mon-white-224/38716.jpg,菅沼三つ目,
data/mon-white-224/70008.jpg,源氏香の花の宴,
data/mon-white-224/1981.jpg,三つ陣笠,
data/mon-white-224/11409.jpg,兜,
data/mon-white-224/4621.jpg,石持ち地抜き松皮菱,
data/mon-white-224/4147.jpg,三井桐,
data/mon-white-224/27805.jpg,長の字鶴,
data/mon-white-224/3628.jpg,桜井桜,
data/mon-white-224/90117.jpg,隅切り三本,
data/mon-white-224/0335.jpg,中陰浮線花菱,
data/mon-white-224/2522.jpg,三つ葉茄子,
data/mon-white-224/27811.jpg,南部鶴,
data/mon-white-224/06607.jpg,四つ長門家沢潟菱,
data/mon-white-224/2244.jpg,薬師寺橘,
data/mon-white-224/11435.jpg,北条家兜,
data/mon-white-224/3172.jpg,右卍,
data/mon-white-224/41202.jpg,浮線綾菊,
data/mon-white-224/09508.jpg,三つ盛り梶の葉,
data/mon-white-224/0309.jpg,郡山花菱,
data/mon-white-224/1017.jpg,大日輪宝,
data/mon-white-224/11421.jpg,兜,
data/mon-white-224/2278.jpg,六角形三つ橘,
data/mon-white-224/4796.jpg,違い洲浜,
data/mon-white-224/26312.jpg,右二つ丁子巴,
data/mon-white-224/24505.jpg,三つ割り向う橘,
data/mon-white-224/35408.jpg,三つ割り牡丹,
data/mon-white-224/1836.jpg,一つ海蟹,
data/mon-white-224/22612.jpg,二つ鈴,
data/mon-white-224/2481.jpg,結び蔦,
data/mon-white-224/2495.jpg,蟹蔦,
data/mon-white-224/22606.jpg,三つ盛り鈴,
data/mon-white-224/24511.jpg,三階菱橘,
data/mon-white-224/1822.jpg,八つ結び釜敷,
data/mon-white-224/26306.jpg,陰左三つ丁子巴,
data/mon-white-224/25627.jpg,四つ茶の実,
data/mon-white-224/27030.jpg,捻じ蔦,
data/mon-white-224/28303.jpg,羯磨,
data/mon-white-224/90088.jpg,剣梅鉢,
data/mon-white-224/27024.jpg,蔦菱,
data/mon-white-224/38104.jpg,三つ茗荷巴,
data/mon-white-224/05508.jpg,中開き三本扇,
data/mon-white-224/0533.jpg,抜け九曜,
data/mon-white-224/44232.jpg,佛光寺藤,
data/mon-white-224/25800.jpg,ひげ違い建部蝶,
data/mon-white-224/2324.jpg,三つ剣唐団扇,
data/mon-white-224/4033.jpg,変り菊の丸,
data/mon-white-224/3984.jpg,乱れ菊,
data/mon-white-224/00316.jpg,新庄六つ葵,
data/mon-white-224/2442.jpg,三河蔦,
data/mon-white-224/10105.jpg,二つ蔓柏,
data/mon-white-224/0255.jpg,三つ割りいたどり,
data/mon-white-224/3748.jpg,十枚笹菱,
data/mon-white-224/3990.jpg,葉付き菊水,
data/mon-white-224/00302.jpg,三つ割り幼剣五つ葵,
data/mon-white-224/10111.jpg,変り柏枝丸,
data/mon-white-224/44226.jpg,陰徳川家三つ葵,
data/mon-white-224/4769.jpg,撫子,
data/mon-white-224/3006.jpg,十二本矢車,
data/mon-white-224/1611.jpg,片喰枝丸,
data/mon-white-224/1177.jpg,扇蝶,
data/mon-white-224/05520.jpg,入れ違い二本扇,
data/mon-white-224/25828.jpg,細中陰対い揚羽蝶,
data/mon-white-224/1605.jpg,変り姫路片喰,
data/mon-white-224/2683.jpg,中陰捻じ梅,
data/mon-white-224/0094.jpg,隅立て井筒,
data/mon-white-224/26110.jpg,変り二つ蝶,
data/mon-white-224/4594.jpg,陰菱,
data/mon-white-224/26104.jpg,変り胡蝶,
data/mon-white-224/4580.jpg,中陰五つ成り瓢,
data/mon-white-224/39024.jpg,剣木瓜,
data/mon-white-224/3589.jpg,持ち合い麻の葉,
data/mon-white-224/2697.jpg,中陰光琳梅,
data/mon-white-224/28101.jpg,三つ唐辛巴,
data/mon-white-224/0916.jpg,光琳蝶,
data/mon-white-224/2873.jpg,二つ釘抜き閂,
data/mon-white-224/0057.jpg,包み違い稲の穂,
data/mon-white-224/23915.jpg,割り鷹の羽菱,
data/mon-white-224/2640.jpg,六つ鱗,
data/mon-white-224/00114.jpg,花付き五つ葵,
data/mon-white-224/2898.jpg,変り三つ重ね轡,
data/mon-white-224/3238.jpg,葡萄桐,
data/mon-white-224/4557.jpg,二つ巴柊,
data/mon-white-224/0731.jpg,釣り巴,
data/mon-white-224/0725.jpg,尾長巴,
data/mon-white-224/4543.jpg,割り柊,
data/mon-white-224/2654.jpg,梅鉢,
data/mon-white-224/00100.jpg,葵の丸,
data/mon-white-224/0043.jpg,三つ軸違い銀杏,
data/mon-white-224/3562.jpg,花付き二葉葵,
data/mon-white-224/08206.jpg,竹垣,
data/mon-white-224/1407.jpg,四つ蔓柏,
data/mon-white-224/0719.jpg,三つ巴,
data/mon-white-224/2668.jpg,台梅鉢,
data/mon-white-224/4569.jpg,二つ瓢の丸,
data/mon-white-224/42319.jpg,変わり輪違い,
data/mon-white-224/1363.jpg,菊の輪,
data/mon-white-224/1405.jpg,中陰三つ柏,
data/mon-white-224/2124.jpg,枷四つ目菱,
data/mon-white-224/4555.jpg,四つ追い柊,
data/mon-white-224/00116.jpg,花付き三つ割り葵,
data/mon-white-224/2642.jpg,三つ盛り三つ鱗,
data/mon-white-224/23917.jpg,割り鷹の羽,
data/mon-white-224/0055.jpg,変り抱き稲の丸,
data/mon-white-224/0041.jpg,割り銀杏,
data/mon-white-224/23903.jpg,割り違い鷹の羽,
data/mon-white-224/4227.jpg,陰利休桐,
data/mon-white-224/00102.jpg,葵桐,
data/mon-white-224/2656.jpg,梅鉢,
data/mon-white-224/0727.jpg,左三つ巴,
data/mon-white-224/28103.jpg,唐辛子巴,
data/mon-white-224/2865.jpg,違い釘抜き,
data/mon-white-224/38304.jpg,対い百足の丸,
data/mon-white-224/4596.jpg,子持ち菱,
data/mon-white-224/39032.jpg,三つ結び木瓜,
data/mon-white-224/26112.jpg,変り備前蝶,
data/mon-white-224/2681.jpg,五曜梅,
data/mon-white-224/2695.jpg,陰光琳向う梅,
data/mon-white-224/4582.jpg,夕顔枝丸,
data/mon-white-224/26106.jpg,上下対い蝶,
data/mon-white-224/00328.jpg,津軽六つ葵,
data/mon-white-224/3762.jpg,竹林竹,
data/mon-white-224/1613.jpg,立ち梶の葉,
data/mon-white-224/3004.jpg,七つ矢車,
data/mon-white-224/1607.jpg,枝片喰の実,
data/mon-white-224/44218.jpg,五七桐,
data/mon-white-224/05522.jpg,八本扇車,
data/mon-white-224/0519.jpg,八曜,
data/mon-white-224/22823.jpg,三羽飛び雀,
data/mon-white-224/2468.jpg,変リ浮線蔦,
data/mon-white-224/0257.jpg,花筏,
data/mon-white-224/2440.jpg,浮線蔦菱,
data/mon-white-224/10107.jpg,柏桐,
data/mon-white-224/3986.jpg,葉付き乱れ菊,
data/mon-white-224/00314.jpg,津山六つ葵,
data/mon-white-224/4757.jpg,青山銭,
data/mon-white-224/25802.jpg,吉田蝶,
data/mon-white-224/44230.jpg,五七桐,
data/mon-white-224/0531.jpg,結び九曜,
data/mon-white-224/25816.jpg,吉田蝶,
data/mon-white-224/44224.jpg,竜胆車,
data/mon-white-224/0525.jpg,細川九曜,
data/mon-white-224/4743.jpg,三つ結び木瓜,
data/mon-white-224/2332.jpg,二つ並び鼓胴,
data/mon-white-224/2454.jpg,蔓蔦,
data/mon-white-224/00300.jpg,三つ割り葵,
data/mon-white-224/0243.jpg,二つ割り錨,
data/mon-white-224/03609.jpg,夕波兎,
data/mon-white-224/38112.jpg,抱き茗荷,
data/mon-white-224/27032.jpg,浮線蔦,
data/mon-white-224/28301.jpg,真言宗独鈷,
data/mon-white-224/25625.jpg,三つ茶の実,
data/mon-white-224/25631.jpg,枝茶の実,
data/mon-white-224/38106.jpg,入違抱き茗荷,
data/mon-white-224/27026.jpg,蔦,
data/mon-white-224/2483.jpg,三つ組み光琳蔦,
data/mon-white-224/3945.jpg,桔梗枝菱,
data/mon-white-224/24507.jpg,三つ橘,
data/mon-white-224/4794.jpg,秋津洲浜,
data/mon-white-224/4780.jpg,薄の丸,
data/mon-white-224/1820.jpg,六つ結び釜敷,
data/mon-white-224/24513.jpg,枝橘,
data/mon-white-224/0280.jpg,三つ重ね糸巻板,
data/mon-white-224/22604.jpg,五つ鈴,
data/mon-white-224/2497.jpg,中陰鬼蔦鶴,
data/mon-white-224/3951.jpg,桔梗釜敷,
data/mon-white-224/3616.jpg,桜,
data/mon-white-224/4179.jpg,入れ違い割り花桐,
data/mon-white-224/1001.jpg,結び滕,
data/mon-white-224/05324.jpg,三つ盛り扇,
data/mon-white-224/0479.jpg,蓮の丸,
data/mon-white-224/1767.jpg,寄せ角,
data/mon-white-224/11423.jpg,蝶兜,
data/mon-white-224/1773.jpg,寄せ掛け隅切角,
data/mon-white-224/1015.jpg,変り行者輪宝,
data/mon-white-224/3602.jpg,粟の丸,
data/mon-white-224/09522.jpg,平戸梶の葉,
data/mon-white-224/27807.jpg,鶴の丸,
data/mon-white-224/4145.jpg,埋み桐,
data/mon-white-224/2534.jpg,陰梨の切り口,
data/mon-white-224/00506.jpg,六つ葵車,
data/mon-white-224/01618.jpg,錨桐,
data/mon-white-224/4623.jpg,鬼松皮菱,
data/mon-white-224/1997.jpg,軸違い三本傘,
data/mon-white-224/2246.jpg,三つ橘,
data/mon-white-224/3158.jpg,松葉胡蝶,
data/mon-white-224/06605.jpg,中津沢瀉,
data/mon-white-224/27813.jpg,飛び鶴,
data/mon-white-224/1029.jpg,陰痩笹竜胆,
data/mon-white-224/1968.jpg,紐付き変り陣笠,
data/mon-white-224/3819.jpg,石持ち地抜き算木,
data/mon-white-224/3831.jpg,三つ組木,
data/mon-white-224/1798.jpg,一つ亀の丸,
data/mon-white-224/1940.jpg,輪違い雁金,
data/mon-white-224/70022.jpg,源氏香の玉鬘,
data/mon-white-224/2291.jpg,盃橘,
data/mon-white-224/30406.jpg,萩の枝丸,
data/mon-white-224/01803.jpg,重ね井桁,
data/mon-white-224/70036.jpg,源氏香の柏木,
data/mon-white-224/2285.jpg,変り枝橘,
data/mon-white-224/1954.jpg,尻合せ四つ雁金菱,
data/mon-white-224/36705.jpg,溝口菱,
data/mon-white-224/3372.jpg,藤胡蝶,
data/mon-white-224/1565.jpg,三つ組み割り片喰,
data/mon-white-224/1203.jpg,陰三つ捻じ地紙,
data/mon-white-224/08402.jpg,隅立て八角,
data/mon-white-224/3414.jpg,並び将棋駒,
data/mon-white-224/3400.jpg,宝袋,
data/mon-white-224/0109.jpg,輪違い井筒,
data/mon-white-224/1217.jpg,両房付き三つ檜扇,
data/mon-white-224/1571.jpg,三つ割り剣片喰,
data/mon-white-224/3366.jpg,三つ葉藤桐,
data/mon-white-224/0647.jpg,向い牡丹菱,
data/mon-white-224/2736.jpg,枝梅,
data/mon-white-224/4347.jpg,変り抱き茗荷崩し,
data/mon-white-224/3428.jpg,三盛り三味駒,
data/mon-white-224/0135.jpg,変わり井桁,
data/mon-white-224/2722.jpg,三つ盛り梅,
data/mon-white-224/0653.jpg,変り唐草牡丹,
data/mon-white-224/0860.jpg,陰三つ千鳥,
data/mon-white-224/2911.jpg,山形,
data/mon-white-224/09907.jpg,三つ持ち合い結び柏,
data/mon-white-224/35026.jpg,繋ぎ剣三つ星,
data/mon-white-224/2905.jpg,三つ遠山,
data/mon-white-224/38516.jpg,隅立て四つ目,
data/mon-white-224/0684.jpg,五つ瓶子,
data/mon-white-224/24117.jpg,反り違い鷹の羽,
data/mon-white-224/36513.jpg,三つ追い重ね若松,
data/mon-white-224/26700.jpg,陰月,
data/mon-white-224/2939.jpg,剣山文字,
data/mon-white-224/24103.jpg,鷹の丸,
data/mon-white-224/0690.jpg,御祓幣,
data/mon-white-224/2087.jpg,捻じ五瓜,
data/mon-white-224/3399.jpg,袋,
data/mon-white-224/24102.jpg,鷹の丸,
data/mon-white-224/26715.jpg,月,
data/mon-white-224/2938.jpg,山の字丸,
data/mon-white-224/36506.jpg,三つ松,
data/mon-white-224/2086.jpg,太田瓜,
data/mon-white-224/0849.jpg,八つ丁子,
data/mon-white-224/0691.jpg,違い幣,
data/mon-white-224/0685.jpg,六つ瓶子,
data/mon-white-224/2092.jpg,三つ割り木瓜,
data/mon-white-224/36512.jpg,三つ盛り松,
data/mon-white-224/24116.jpg,八つ鷹の羽車,
data/mon-white-224/37624.jpg,左万字菱,
data/mon-white-224/35033.jpg,九曜,
data/mon-white-224/35027.jpg,結び九曜,
data/mon-white-224/09906.jpg,三つ割り蔓柏,
data/mon-white-224/2910.jpg,花山形,
data/mon-white-224/2723.jpg,三つ横見梅,
data/mon-white-224/0134.jpg,子持ち井桁,
data/mon-white-224/0652.jpg,唐草大割り牡丹,
data/mon-white-224/1558.jpg,蔓結び片喰,
data/mon-white-224/0120.jpg,陰陽重ね井筒,
data/mon-white-224/3429.jpg,四つ三味駒菱,
data/mon-white-224/4346.jpg,変わり花抱き茗荷,
data/mon-white-224/2737.jpg,一筆梅,
data/mon-white-224/0108.jpg,石持ち井筒崩し,
data/mon-white-224/09709.jpg,陰陽抱き柏,
data/mon-white-224/08417.jpg,石持地抜隅立て角,
data/mon-white-224/3367.jpg,藤桐,
data/mon-white-224/1570.jpg,剣一つ片喰,
data/mon-white-224/1564.jpg,蔓剣片喰,
data/mon-white-224/30822.jpg,抱き芭蕉,
data/mon-white-224/3373.jpg,藤飛び蝶,
data/mon-white-224/08403.jpg,隅立て反り角,
data/mon-white-224/1202.jpg,三つ捻じ地紙,
data/mon-white-224/1955.jpg,尻合せ四つ結び雁金,
data/mon-white-224/0493.jpg,三つ割り剣三つ星,
data/mon-white-224/2284.jpg,橘枝丸,
data/mon-white-224/70037.jpg,源氏香の横笛,
data/mon-white-224/26503.jpg,組合わせ二つ丁子巴,
data/mon-white-224/30407.jpg,萩の枝丸,
data/mon-white-224/2290.jpg,変リ橘蝶,
data/mon-white-224/70023.jpg,源氏香の初音,
data/mon-white-224/1941.jpg,尻合せ三つ雁金,
data/mon-white-224/1799.jpg,親子亀,
data/mon-white-224/1969.jpg,建部笠,
data/mon-white-224/38715.jpg,重ね四つ目菱,
data/mon-white-224/4805.jpg,五つ洲浜崩し,
data/mon-white-224/3159.jpg,松葉鶴,
data/mon-white-224/2247.jpg,陰三つ橘,
data/mon-white-224/1028.jpg,中陰笹竜胆,
data/mon-white-224/27812.jpg,鶴の丸,
data/mon-white-224/4150.jpg,小判桐,
data/mon-white-224/4144.jpg,変り花桐,
data/mon-white-224/27806.jpg,長文字鶴,
data/mon-white-224/09523.jpg,変り平戸梶の葉,
data/mon-white-224/06610.jpg,抱き沢瀉,
data/mon-white-224/4622.jpg,溝口菱,
data/mon-white-224/1772.jpg,違い折敷,
data/mon-white-224/11422.jpg,中陰鳥兜,
data/mon-white-224/3603.jpg,抱き粟,
data/mon-white-224/1014.jpg,行者輪宝,
data/mon-white-224/2509.jpg,山口撫子,
data/mon-white-224/08601.jpg,小出額,
data/mon-white-224/4178.jpg,入れ違い割り桐,
data/mon-white-224/3171.jpg,左卍,
data/mon-white-224/24512.jpg,三つ割り橘,
data/mon-white-224/1821.jpg,七つ結び釜敷,
data/mon-white-224/4781.jpg,抱き薄,
data/mon-white-224/26305.jpg,陰左一つ丁子巴,
data/mon-white-224/3950.jpg,細釜敷桔梗,
data/mon-white-224/2496.jpg,中陰蔦飛び蝶,
data/mon-white-224/22605.jpg,三つ鈴,
data/mon-white-224/0281.jpg,三つ盛り糸巻板,
data/mon-white-224/0295.jpg,石持ち地抜き剣花菱,
data/mon-white-224/3944.jpg,陰桔梗対い菱,
data/mon-white-224/2482.jpg,三つ組み蔦形,
data/mon-white-224/4795.jpg,比翼洲浜,
data/mon-white-224/26311.jpg,右三つ丁子巴,
data/mon-white-224/24506.jpg,三つ割り枝橘,
data/mon-white-224/25618.jpg,光琳二つ茶の実,
data/mon-white-224/27027.jpg,蔦,
data/mon-white-224/38107.jpg,入れ違い茗荷菱,
data/mon-white-224/25630.jpg,枝茶の実,
data/mon-white-224/25624.jpg,三つ盛り茶の実,
data/mon-white-224/28300.jpg,違い三鈷杵,
data/mon-white-224/27033.jpg,浮線蔦蝶,
data/mon-white-224/38113.jpg,変わり抱き違い茗荷,
data/mon-white-224/4742.jpg,三つ木瓜形,
data/mon-white-224/0524.jpg,菱九曜,
data/mon-white-224/44225.jpg,五七桐,
data/mon-white-224/90074.jpg,十六弁八重表菊,
data/mon-white-224/00301.jpg,三つ割り五つ葵,
data/mon-white-224/10112.jpg,変り柏三つ枝丸,
data/mon-white-224/2455.jpg,昭和蔦,
data/mon-white-224/00315.jpg,尻合わせ三つ葵,
data/mon-white-224/3987.jpg,光琳菊,
data/mon-white-224/2441.jpg,鬼蔦,
data/mon-white-224/0530.jpg,陰重ね九曜,
data/mon-white-224/44231.jpg,花園家牡丹,
data/mon-white-224/4756.jpg,裏銭,
data/mon-white-224/05523.jpg,半開き違い扇,
data/mon-white-224/0518.jpg,割り七曜,
data/mon-white-224/44219.jpg,北条鱗,
data/mon-white-224/1606.jpg,片喰の実,
data/mon-white-224/3777.jpg,仙台笹,
data/mon-white-224/2469.jpg,浮線蔦蝶,
data/mon-white-224/22822.jpg,飛び三羽雀,
data/mon-white-224/90048.jpg,蔓葵片喰,
data/mon-white-224/3763.jpg,五枚笹竹の丸,
data/mon-white-224/08013.jpg,根引き杜若,
data/mon-white-224/3005.jpg,八つ矢車,
data/mon-white-224/1612.jpg,変り片喰枝丸,
data/mon-white-224/2694.jpg,光琳梅鉢,
data/mon-white-224/26107.jpg,対い鎧蝶,
data/mon-white-224/4583.jpg,六つ日足,
data/mon-white-224/26113.jpg,浮線蝶,
data/mon-white-224/39033.jpg,三つ結び木瓜,
data/mon-white-224/4597.jpg,入れ子菱,
data/mon-white-224/2680.jpg,中陰向こう梅,
data/mon-white-224/38305.jpg,百足の丸,
data/mon-white-224/2864.jpg,折れ釘抜,
data/mon-white-224/00103.jpg,葵胡蝶,
data/mon-white-224/4226.jpg,中陰三つ葉鬼桐,
data/mon-white-224/12507.jpg,尻合わせ四つ雁金菱,
data/mon-white-224/23902.jpg,阿部鷹の羽,
data/mon-white-224/0040.jpg,一つ銀杏巴,
data/mon-white-224/1438.jpg,反り違い鬼柏,
data/mon-white-224/0726.jpg,子付き三つ巴,
data/mon-white-224/4540.jpg,変り抱き柊,
data/mon-white-224/0054.jpg,二つ追い稲の丸,
data/mon-white-224/23916.jpg,割り鷹の羽菱,
data/mon-white-224/42324.jpg,六つ輪違い,
data/mon-white-224/2643.jpg,七つ繋ぎ鱗,
data/mon-white-224/00117.jpg,花付き四つ菱葵,
data/mon-white-224/3207.jpg,重ね枡,
data/mon-white-224/4568.jpg,割り瓢,
data/mon-white-224/3561.jpg,二葉葵,
data/mon-white-224/42318.jpg,変わり輪違い,
